pattern,pattern_category,task_id,lambda,t_optimal,q_optimal,t_actual,q_actual,t_mu_zero,t_U_peak,U_peak,regret,q_loss
debate3,C,anal_01,0.0,1,4.0,3,4.0,2,1,4.0,2,0.0
debate3,C,anal_01,0.05,1,4.0,3,4.0,2,1,3.95425,2,0.0
debate3,C,anal_01,0.1,1,4.0,3,4.0,2,1,3.9085,2,0.0
debate3,C,anal_01,0.2,1,4.0,3,4.0,2,1,3.817,2,0.0
debate3,C,anal_01,0.5,1,4.0,3,4.0,2,1,3.5425,2,0.0
debate3,C,anal_02,0.0,2,4.0,3,4.0,3,2,4.0,1,0.0
debate3,C,anal_02,0.05,2,4.0,3,4.0,3,2,3.81105,1,0.0
debate3,C,anal_02,0.1,2,4.0,3,4.0,3,2,3.6221,1,0.0
debate3,C,anal_02,0.2,2,4.0,3,4.0,3,2,3.2442,1,0.0
debate3,C,anal_02,0.5,2,4.0,3,4.0,2,1,2.456,1,0.0
debate3,C,anal_03,0.0,1,4.0,3,3.0,2,1,4.0,2,1.0
debate3,C,anal_03,0.05,1,4.0,3,3.0,2,1,3.96455,2,1.0
debate3,C,anal_03,0.1,1,4.0,3,3.0,2,1,3.9291,2,1.0
debate3,C,anal_03,0.2,1,4.0,3,3.0,2,1,3.8582,2,1.0
debate3,C,anal_03,0.5,1,4.0,3,3.0,2,1,3.6455,2,1.0
debate3,C,anal_04,0.0,2,4.0,3,4.0,3,2,4.0,1,0.0
debate3,C,anal_04,0.05,2,4.0,3,4.0,3,2,3.77765,1,0.0
debate3,C,anal_04,0.1,2,4.0,3,4.0,3,2,3.5553,1,0.0
debate3,C,anal_04,0.2,2,4.0,3,4.0,3,2,3.1106,1,0.0
debate3,C,anal_04,0.5,2,4.0,3,4.0,2,1,2.387,1,0.0
debate3,C,anal_05,0.0,2,4.0,4,4.0,3,2,4.0,2,0.0
debate3,C,anal_05,0.05,2,4.0,4,4.0,3,2,3.85245,2,0.0
debate3,C,anal_05,0.1,2,4.0,4,4.0,3,2,3.7049,2,0.0
debate3,C,anal_05,0.2,2,4.0,4,4.0,3,2,3.4097999999999997,2,0.0
debate3,C,anal_05,0.5,2,4.0,4,4.0,2,1,2.649,2,0.0
debate3,C,crea_01,0.0,2,4.0,3,4.0,3,2,4.0,1,0.0
debate3,C,crea_01,0.05,2,4.0,3,4.0,3,2,3.6773,1,0.0
debate3,C,crea_01,0.1,2,4.0,3,4.0,3,2,3.3546,1,0.0
debate3,C,crea_01,0.2,2,4.0,3,4.0,3,2,2.7092,1,0.0
debate3,C,crea_01,0.5,2,4.0,3,4.0,2,1,2.074,1,0.0
debate3,C,crea_02,0.0,1,4.0,4,2.0,2,1,4.0,3,2.0
debate3,C,crea_02,0.05,1,4.0,4,2.0,2,1,3.9653,3,2.0
debate3,C,crea_02,0.1,1,4.0,4,2.0,2,1,3.9306,3,2.0
debate3,C,crea_02,0.2,1,4.0,4,2.0,2,1,3.8612,3,2.0
debate3,C,crea_02,0.5,1,4.0,4,2.0,2,1,3.653,3,2.0
debate3,C,crea_03,0.0,1,4.0,3,3.0,2,1,4.0,2,1.0
debate3,C,crea_03,0.05,1,4.0,3,3.0,2,1,3.94105,2,1.0
debate3,C,crea_03,0.1,1,4.0,3,3.0,2,1,3.8821,2,1.0
debate3,C,crea_03,0.2,1,4.0,3,3.0,2,1,3.7641999999999998,2,1.0
debate3,C,crea_03,0.5,1,4.0,3,3.0,2,1,3.4105,2,1.0
debate3,C,crea_04,0.0,1,4.0,4,3.0,2,1,4.0,3,1.0
debate3,C,crea_04,0.05,1,4.0,4,3.0,2,1,3.93275,3,1.0
debate3,C,crea_04,0.1,1,4.0,4,3.0,2,1,3.8655,3,1.0
debate3,C,crea_04,0.2,1,4.0,4,3.0,2,1,3.731,3,1.0
debate3,C,crea_04,0.5,1,4.0,4,3.0,2,1,3.3275,3,1.0
debate3,C,crea_05,0.0,1,5.0,4,4.0,2,1,5.0,3,1.0
debate3,C,crea_05,0.05,1,5.0,4,4.0,2,1,4.96005,3,1.0
debate3,C,crea_05,0.1,1,5.0,4,4.0,2,1,4.9201,3,1.0
debate3,C,crea_05,0.2,1,5.0,4,4.0,2,1,4.8402,3,1.0
debate3,C,crea_05,0.5,1,5.0,4,4.0,2,1,4.6005,3,1.0
debate3,C,fact_01,0.0,1,4.0,3,3.0,2,1,4.0,2,1.0
debate3,C,fact_01,0.05,1,4.0,3,3.0,2,1,3.95285,2,1.0
debate3,C,fact_01,0.1,1,4.0,3,3.0,2,1,3.9057,2,1.0
debate3,C,fact_01,0.2,1,4.0,3,3.0,2,1,3.8114,2,1.0
debate3,C,fact_01,0.5,1,4.0,3,3.0,2,1,3.5285,2,1.0
debate3,C,fact_02,0.0,1,5.0,4,3.0,2,1,5.0,3,2.0
debate3,C,fact_02,0.05,1,5.0,4,3.0,2,1,4.97065,3,2.0
debate3,C,fact_02,0.1,1,5.0,4,3.0,2,1,4.9413,3,2.0
debate3,C,fact_02,0.2,1,5.0,4,3.0,2,1,4.8826,3,2.0
debate3,C,fact_02,0.5,1,5.0,4,3.0,2,1,4.7065,3,2.0
debate3,C,fact_03,0.0,1,4.0,4,4.0,2,1,4.0,3,0.0
debate3,C,fact_03,0.05,1,4.0,4,4.0,2,1,3.944,3,0.0
debate3,C,fact_03,0.1,1,4.0,4,4.0,2,1,3.888,3,0.0
debate3,C,fact_03,0.2,1,4.0,4,4.0,2,1,3.776,3,0.0
debate3,C,fact_03,0.5,1,4.0,4,4.0,2,1,3.44,3,0.0
debate3,C,fact_04,0.0,1,5.0,3,4.0,2,1,5.0,2,1.0
debate3,C,fact_04,0.05,1,5.0,3,4.0,2,1,4.969,2,1.0
debate3,C,fact_04,0.1,1,5.0,3,4.0,2,1,4.938,2,1.0
debate3,C,fact_04,0.2,1,5.0,3,4.0,2,1,4.876,2,1.0
debate3,C,fact_04,0.5,1,5.0,3,4.0,2,1,4.69,2,1.0
debate3,C,fact_05,0.0,1,4.0,3,4.0,2,1,4.0,2,0.0
debate3,C,fact_05,0.05,1,4.0,3,4.0,2,1,3.9248,2,0.0
debate3,C,fact_05,0.1,1,4.0,3,4.0,2,1,3.8496,2,0.0
debate3,C,fact_05,0.2,1,4.0,3,4.0,2,1,3.6992,2,0.0
debate3,C,fact_05,0.5,1,4.0,3,4.0,2,1,3.248,2,0.0
debate3,C,tech_01,0.0,3,4.0,3,4.0,2,3,4.0,0,0.0
debate3,C,tech_01,0.05,3,4.0,3,4.0,2,3,3.5025,0,0.0
debate3,C,tech_01,0.1,3,4.0,3,4.0,2,3,3.005,0,0.0
debate3,C,tech_01,0.2,3,4.0,3,4.0,2,3,2.01,0,0.0
debate3,C,tech_01,0.5,3,4.0,3,4.0,2,1,-0.06499999999999995,0,0.0
debate3,C,tech_02,0.0,1,4.0,3,4.0,2,1,4.0,2,0.0
debate3,C,tech_02,0.05,1,4.0,3,4.0,2,1,3.81025,2,0.0
debate3,C,tech_02,0.1,1,4.0,3,4.0,2,1,3.6205,2,0.0
debate3,C,tech_02,0.2,1,4.0,3,4.0,2,1,3.241,2,0.0
debate3,C,tech_02,0.5,1,4.0,3,4.0,2,1,2.1025,2,0.0
debate3,C,tech_03,0.0,1,3.0,3,2.0,2,1,3.0,2,1.0
debate3,C,tech_03,0.05,1,3.0,3,2.0,2,1,2.89075,2,1.0
debate3,C,tech_03,0.1,1,3.0,3,2.0,2,1,2.7815,2,1.0
debate3,C,tech_03,0.2,1,3.0,3,2.0,2,1,2.5629999999999997,2,1.0
debate3,C,tech_03,0.5,1,3.0,3,2.0,2,1,1.9075,2,1.0
debate3,C,tech_04,0.0,1,3.0,3,2.0,2,1,3.0,2,1.0
debate3,C,tech_04,0.05,1,3.0,3,2.0,2,1,2.85595,2,1.0
debate3,C,tech_04,0.1,1,3.0,3,2.0,2,1,2.7119,2,1.0
debate3,C,tech_04,0.2,1,3.0,3,2.0,2,1,2.4238,2,1.0
debate3,C,tech_04,0.5,1,3.0,3,2.0,2,1,1.5595,2,1.0
debate3,C,tech_05,0.0,1,3.0,3,2.0,2,1,3.0,2,1.0
debate3,C,tech_05,0.05,1,3.0,3,2.0,2,1,2.5877,2,1.0
debate3,C,tech_05,0.1,1,3.0,3,2.0,2,1,2.1754,2,1.0
debate3,C,tech_05,0.2,1,3.0,3,2.0,2,1,1.3507999999999998,2,1.0
debate3,C,tech_05,0.5,1,3.0,3,2.0,2,1,-1.1230000000000002,2,1.0
refl2,C,anal_01,0.0,2,5.0,2,5.0,2,2,5.0,0,0.0
refl2,C,anal_01,0.05,2,5.0,2,5.0,2,2,4.85515,0,0.0
refl2,C,anal_01,0.1,2,5.0,2,5.0,2,2,4.7103,0,0.0
refl2,C,anal_01,0.2,2,5.0,2,5.0,2,2,4.4206,0,0.0
refl2,C,anal_01,0.5,2,5.0,2,5.0,2,2,3.5515,0,0.0
refl2,C,anal_02,0.0,2,5.0,2,5.0,2,2,5.0,0,0.0
refl2,C,anal_02,0.05,2,5.0,2,5.0,2,2,4.8512,0,0.0
refl2,C,anal_02,0.1,2,5.0,2,5.0,2,2,4.7024,0,0.0
refl2,C,anal_02,0.2,2,5.0,2,5.0,2,2,4.4048,0,0.0
refl2,C,anal_02,0.5,2,5.0,2,5.0,2,1,3.5495,0,0.0
refl2,C,anal_03,0.0,2,5.0,2,5.0,2,2,5.0,0,0.0
refl2,C,anal_03,0.05,2,5.0,2,5.0,2,2,4.8733,0,0.0
refl2,C,anal_03,0.1,2,5.0,2,5.0,2,2,4.7466,0,0.0
refl2,C,anal_03,0.2,2,5.0,2,5.0,2,2,4.4932,0,0.0
refl2,C,anal_03,0.5,2,5.0,2,5.0,2,2,3.733,0,0.0
refl2,C,anal_04,0.0,1,4.0,2,4.0,2,1,4.0,1,0.0
refl2,C,anal_04,0.05,1,4.0,2,4.0,2,1,3.9226,1,0.0
refl2,C,anal_04,0.1,1,4.0,2,4.0,2,1,3.8452,1,0.0
refl2,C,anal_04,0.2,1,4.0,2,4.0,2,1,3.6904,1,0.0
refl2,C,anal_04,0.5,1,4.0,2,4.0,2,1,3.226,1,0.0
refl2,C,anal_05,0.0,2,5.0,2,5.0,2,2,5.0,0,0.0
refl2,C,anal_05,0.05,2,5.0,2,5.0,2,2,4.80905,0,0.0
refl2,C,anal_05,0.1,2,5.0,2,5.0,2,2,4.6181,0,0.0
refl2,C,anal_05,0.2,2,5.0,2,5.0,2,2,4.2362,0,0.0
refl2,C,anal_05,0.5,2,5.0,2,5.0,2,1,3.1885,0,0.0
refl2,C,crea_01,0.0,1,4.0,6,4.0,2,1,4.0,5,0.0
refl2,C,crea_01,0.05,1,4.0,6,4.0,2,1,3.92325,5,0.0
refl2,C,crea_01,0.1,1,4.0,6,4.0,2,1,3.8465,5,0.0
refl2,C,crea_01,0.2,1,4.0,6,4.0,2,1,3.693,5,0.0
refl2,C,crea_01,0.5,1,4.0,6,4.0,2,1,3.2325,5,0.0
refl2,C,crea_02,0.0,2,5.0,2,5.0,2,2,5.0,0,0.0
refl2,C,crea_02,0.05,2,5.0,2,5.0,2,2,4.8958,0,0.0
refl2,C,crea_02,0.1,2,5.0,2,5.0,2,2,4.7916,0,0.0
refl2,C,crea_02,0.2,2,5.0,2,5.0,2,2,4.5832,0,0.0
refl2,C,crea_02,0.5,2,5.0,2,5.0,2,2,3.958,0,0.0
refl2,C,crea_03,0.0,2,5.0,2,5.0,2,2,5.0,0,0.0
refl2,C,crea_03,0.05,2,5.0,2,5.0,2,2,4.7871500000000005,0,0.0
refl2,C,crea_03,0.1,2,5.0,2,5.0,2,2,4.5743,0,0.0
refl2,C,crea_03,0.2,2,5.0,2,5.0,2,2,4.1486,0,0.0
refl2,C,crea_03,0.5,2,5.0,2,5.0,2,1,3.1555,0,0.0
refl2,C,crea_04,0.0,1,4.0,2,4.0,2,1,4.0,1,0.0
refl2,C,crea_04,0.05,1,4.0,2,4.0,2,1,3.9211,1,0.0
refl2,C,crea_04,0.1,1,4.0,2,4.0,2,1,3.8422,1,0.0
refl2,C,crea_04,0.2,1,4.0,2,4.0,2,1,3.6844,1,0.0
refl2,C,crea_04,0.5,1,4.0,2,4.0,2,1,3.211,1,0.0
refl2,C,crea_05,0.0,1,5.0,2,5.0,2,1,5.0,1,0.0
refl2,C,crea_05,0.05,1,5.0,2,5.0,2,1,4.9703,1,0.0
refl2,C,crea_05,0.1,1,5.0,2,5.0,2,1,4.9406,1,0.0
refl2,C,crea_05,0.2,1,5.0,2,5.0,2,1,4.8812,1,0.0
refl2,C,crea_05,0.5,1,5.0,2,5.0,2,1,4.703,1,0.0
refl2,C,fact_01,0.0,2,5.0,2,5.0,2,2,5.0,0,0.0
refl2,C,fact_01,0.05,2,5.0,2,5.0,2,2,4.88625,0,0.0
refl2,C,fact_01,0.1,2,5.0,2,5.0,2,2,4.7725,0,0.0
refl2,C,fact_01,0.2,2,5.0,2,5.0,2,2,4.545,0,0.0
refl2,C,fact_01,0.5,2,5.0,2,5.0,2,2,3.8625,0,0.0
refl2,C,fact_02,0.0,2,5.0,2,5.0,2,2,5.0,0,0.0
refl2,C,fact_02,0.05,2,5.0,2,5.0,2,2,4.89415,0,0.0
refl2,C,fact_02,0.1,2,5.0,2,5.0,2,2,4.7883,0,0.0
refl2,C,fact_02,0.2,2,5.0,2,5.0,2,2,4.5766,0,0.0
refl2,C,fact_02,0.5,2,5.0,2,5.0,2,2,3.9415,0,0.0
refl2,C,fact_03,0.0,1,4.0,4,4.0,2,1,4.0,3,0.0
refl2,C,fact_03,0.05,1,4.0,4,4.0,2,1,3.9246,3,0.0
refl2,C,fact_03,0.1,1,4.0,4,4.0,2,1,3.8492,3,0.0
refl2,C,fact_03,0.2,1,4.0,4,4.0,2,1,3.6984,3,0.0
refl2,C,fact_03,0.5,1,4.0,4,4.0,2,1,3.246,3,0.0
refl2,C,fact_04,0.0,1,5.0,2,5.0,2,1,5.0,1,0.0
refl2,C,fact_04,0.05,1,5.0,2,5.0,2,1,4.95705,1,0.0
refl2,C,fact_04,0.1,1,5.0,2,5.0,2,1,4.9141,1,0.0
refl2,C,fact_04,0.2,1,5.0,2,5.0,2,1,4.8282,1,0.0
refl2,C,fact_04,0.5,1,5.0,2,5.0,2,1,4.5705,1,0.0
refl2,C,fact_05,0.0,2,5.0,2,5.0,2,2,5.0,0,0.0
refl2,C,fact_05,0.05,2,5.0,2,5.0,2,2,4.8146,0,0.0
refl2,C,fact_05,0.1,2,5.0,2,5.0,2,2,4.6292,0,0.0
refl2,C,fact_05,0.2,2,5.0,2,5.0,2,2,4.2584,0,0.0
refl2,C,fact_05,0.5,2,5.0,2,5.0,2,1,3.1965,0,0.0
refl2,C,tech_01,0.0,2,5.0,2,5.0,2,2,5.0,0,0.0
refl2,C,tech_01,0.05,2,5.0,2,5.0,2,2,4.5674,0,0.0
refl2,C,tech_01,0.1,2,5.0,2,5.0,2,2,4.1348,0,0.0
refl2,C,tech_01,0.2,2,5.0,2,5.0,2,2,3.2695999999999996,0,0.0
refl2,C,tech_01,0.5,2,5.0,2,5.0,2,2,0.6739999999999995,0,0.0
refl2,C,tech_02,0.0,2,5.0,2,5.0,2,2,5.0,0,0.0
refl2,C,tech_02,0.05,2,5.0,2,5.0,2,2,4.6338,0,0.0
refl2,C,tech_02,0.1,2,5.0,2,5.0,2,2,4.2676,0,0.0
refl2,C,tech_02,0.2,2,5.0,2,5.0,2,2,3.5351999999999997,0,0.0
refl2,C,tech_02,0.5,2,5.0,2,5.0,2,2,1.338,0,0.0
refl2,C,tech_03,0.0,2,5.0,2,5.0,2,2,5.0,0,0.0
refl2,C,tech_03,0.05,2,5.0,2,5.0,2,2,4.6501,0,0.0
refl2,C,tech_03,0.1,2,5.0,2,5.0,2,2,4.3002,0,0.0
refl2,C,tech_03,0.2,2,5.0,2,5.0,2,2,3.6003999999999996,0,0.0
refl2,C,tech_03,0.5,2,5.0,2,5.0,2,1,2.6275,0,0.0
refl2,C,tech_04,0.0,2,5.0,2,5.0,2,2,5.0,0,0.0
refl2,C,tech_04,0.05,2,5.0,2,5.0,2,2,4.5866,0,0.0
refl2,C,tech_04,0.1,2,5.0,2,5.0,2,2,4.1732,0,0.0
refl2,C,tech_04,0.2,2,5.0,2,5.0,2,2,3.3464,0,0.0
refl2,C,tech_04,0.5,2,5.0,2,5.0,2,1,1.134,0,0.0
refl2,C,tech_05,0.0,2,5.0,2,5.0,2,2,5.0,0,0.0
refl2,C,tech_05,0.05,2,5.0,2,5.0,2,2,4.61625,0,0.0
refl2,C,tech_05,0.1,2,5.0,2,5.0,2,2,4.2325,0,0.0
refl2,C,tech_05,0.2,2,5.0,2,5.0,2,2,3.465,0,0.0
refl2,C,tech_05,0.5,2,5.0,2,5.0,2,2,1.1625,0,0.0
rr3,A,anal_01,0.0,1,4.0,3,4.0,2,1,4.0,2,0.0
rr3,A,anal_01,0.05,1,4.0,3,4.0,2,1,3.9279,2,0.0
rr3,A,anal_01,0.1,1,4.0,3,4.0,2,1,3.8558,2,0.0
rr3,A,anal_01,0.2,1,4.0,3,4.0,2,1,3.7116,2,0.0
rr3,A,anal_01,0.5,1,4.0,3,4.0,2,1,3.279,2,0.0
rr3,A,anal_02,0.0,2,4.0,6,4.0,3,2,4.0,4,0.0
rr3,A,anal_02,0.05,2,4.0,6,4.0,3,2,3.7564,4,0.0
rr3,A,anal_02,0.1,2,4.0,6,4.0,3,2,3.5128,4,0.0
rr3,A,anal_02,0.2,2,4.0,6,4.0,3,2,3.0256,4,0.0
rr3,A,anal_02,0.5,2,4.0,6,4.0,2,1,2.2904999999999998,4,0.0
rr3,A,anal_03,0.0,2,4.0,3,4.0,3,2,4.0,1,0.0
rr3,A,anal_03,0.05,2,4.0,3,4.0,3,2,3.7735,1,0.0
rr3,A,anal_03,0.1,2,4.0,3,4.0,3,2,3.5469999999999997,1,0.0
rr3,A,anal_03,0.2,2,4.0,3,4.0,3,2,3.094,1,0.0
rr3,A,anal_03,0.5,2,4.0,3,4.0,2,1,2.3155,1,0.0
rr3,A,anal_04,0.0,2,4.0,6,4.0,3,2,4.0,4,0.0
rr3,A,anal_04,0.05,2,4.0,6,4.0,3,2,3.63745,4,0.0
rr3,A,anal_04,0.1,2,4.0,6,4.0,3,2,3.2749,4,0.0
rr3,A,anal_04,0.2,2,4.0,6,4.0,2,1,2.6618,4,0.0
rr3,A,anal_04,0.5,2,4.0,6,4.0,2,1,2.1545,4,0.0
rr3,A,anal_05,0.0,1,4.0,3,4.0,2,1,4.0,2,0.0
rr3,A,anal_05,0.05,1,4.0,3,4.0,2,1,3.9215,2,0.0
rr3,A,anal_05,0.1,1,4.0,3,4.0,2,1,3.843,2,0.0
rr3,A,anal_05,0.2,1,4.0,3,4.0,2,1,3.686,2,0.0
rr3,A,anal_05,0.5,1,4.0,3,4.0,2,1,3.215,2,0.0
rr3,A,crea_01,0.0,1,4.0,6,4.0,2,1,4.0,5,0.0
rr3,A,crea_01,0.05,1,4.0,6,4.0,2,1,3.91385,5,0.0
rr3,A,crea_01,0.1,1,4.0,6,4.0,2,1,3.8277,5,0.0
rr3,A,crea_01,0.2,1,4.0,6,4.0,2,1,3.6554,5,0.0
rr3,A,crea_01,0.5,1,4.0,6,4.0,2,1,3.1385,5,0.0
rr3,A,crea_02,0.0,3,5.0,3,5.0,2,3,5.0,0,0.0
rr3,A,crea_02,0.05,3,5.0,3,5.0,2,3,4.8031,0,0.0
rr3,A,crea_02,0.1,3,5.0,3,5.0,2,3,4.6062,0,0.0
rr3,A,crea_02,0.2,3,5.0,3,5.0,2,3,4.2124,0,0.0
rr3,A,crea_02,0.5,3,5.0,3,5.0,2,1,3.6550000000000002,0,0.0
rr3,A,crea_03,0.0,1,4.0,3,4.0,2,1,4.0,2,0.0
rr3,A,crea_03,0.05,1,4.0,3,4.0,2,1,3.918,2,0.0
rr3,A,crea_03,0.1,1,4.0,3,4.0,2,1,3.836,2,0.0
rr3,A,crea_03,0.2,1,4.0,3,4.0,2,1,3.672,2,0.0
rr3,A,crea_03,0.5,1,4.0,3,4.0,2,1,3.18,2,0.0
rr3,A,crea_04,0.0,1,4.0,6,4.0,2,1,4.0,5,0.0
rr3,A,crea_04,0.05,1,4.0,6,4.0,2,1,3.9125,5,0.0
rr3,A,crea_04,0.1,1,4.0,6,4.0,2,1,3.825,5,0.0
rr3,A,crea_04,0.2,1,4.0,6,4.0,2,1,3.65,5,0.0
rr3,A,crea_04,0.5,1,4.0,6,4.0,2,1,3.125,5,0.0
rr3,A,crea_05,0.0,1,5.0,3,5.0,2,1,5.0,2,0.0
rr3,A,crea_05,0.05,1,5.0,3,5.0,2,1,4.961,2,0.0
rr3,A,crea_05,0.1,1,5.0,3,5.0,2,1,4.922,2,0.0
rr3,A,crea_05,0.2,1,5.0,3,5.0,2,1,4.844,2,0.0
rr3,A,crea_05,0.5,1,5.0,3,5.0,2,1,4.61,2,0.0
rr3,A,fact_01,0.0,1,5.0,3,5.0,2,1,5.0,2,0.0
rr3,A,fact_01,0.05,1,5.0,3,5.0,2,1,4.9656,2,0.0
rr3,A,fact_01,0.1,1,5.0,3,5.0,2,1,4.9312,2,0.0
rr3,A,fact_01,0.2,1,5.0,3,5.0,2,1,4.8624,2,0.0
rr3,A,fact_01,0.5,1,5.0,3,5.0,2,1,4.656,2,0.0
rr3,A,fact_02,0.0,1,5.0,6,4.0,2,1,5.0,5,1.0
rr3,A,fact_02,0.05,1,5.0,6,4.0,2,1,4.96565,5,1.0
rr3,A,fact_02,0.1,1,5.0,6,4.0,2,1,4.9313,5,1.0
rr3,A,fact_02,0.2,1,5.0,6,4.0,2,1,4.8626,5,1.0
rr3,A,fact_02,0.5,1,5.0,6,4.0,2,1,4.6565,5,1.0
rr3,A,fact_03,0.0,3,5.0,6,5.0,2,3,5.0,3,0.0
rr3,A,fact_03,0.05,3,5.0,6,5.0,2,3,4.57445,3,0.0
rr3,A,fact_03,0.1,3,5.0,6,5.0,2,3,4.1489,3,0.0
rr3,A,fact_03,0.2,3,5.0,6,5.0,2,1,3.6922,3,0.0
rr3,A,fact_03,0.5,3,5.0,6,5.0,2,1,3.2305,3,0.0
rr3,A,fact_04,0.0,1,5.0,3,5.0,2,1,5.0,2,0.0
rr3,A,fact_04,0.05,1,5.0,3,5.0,2,1,4.94905,2,0.0
rr3,A,fact_04,0.1,1,5.0,3,5.0,2,1,4.8981,2,0.0
rr3,A,fact_04,0.2,1,5.0,3,5.0,2,1,4.7962,2,0.0
rr3,A,fact_04,0.5,1,5.0,3,5.0,2,1,4.4905,2,0.0
rr3,A,fact_05,0.0,2,5.0,3,5.0,3,2,5.0,1,0.0
rr3,A,fact_05,0.05,2,5.0,3,5.0,3,2,4.80445,1,0.0
rr3,A,fact_05,0.1,2,5.0,3,5.0,3,2,4.6089,1,0.0
rr3,A,fact_05,0.2,2,5.0,3,5.0,3,2,4.2178,1,0.0
rr3,A,fact_05,0.5,2,5.0,3,5.0,2,1,3.3565,1,0.0
rr3,A,tech_01,0.0,2,4.0,6,4.0,3,2,4.0,4,0.0
rr3,A,tech_01,0.05,2,4.0,6,4.0,3,2,3.4815,4,0.0
rr3,A,tech_01,0.1,2,4.0,6,4.0,3,2,2.963,4,0.0
rr3,A,tech_01,0.2,2,4.0,6,4.0,3,2,1.9260000000000002,4,0.0
rr3,A,tech_01,0.5,2,4.0,6,4.0,2,1,-1.1494999999999997,4,0.0
rr3,A,tech_02,0.0,2,5.0,3,5.0,3,2,5.0,1,0.0
rr3,A,tech_02,0.05,2,5.0,3,5.0,3,2,4.49665,1,0.0
rr3,A,tech_02,0.1,2,5.0,3,5.0,3,2,3.9932999999999996,1,0.0
rr3,A,tech_02,0.2,2,5.0,3,5.0,3,2,2.9865999999999997,1,0.0
rr3,A,tech_02,0.5,2,5.0,3,5.0,2,1,1.032,1,0.0
rr3,A,tech_03,0.0,3,5.0,3,5.0,3,3,5.0,0,0.0
rr3,A,tech_03,0.05,3,5.0,3,5.0,3,3,4.56725,0,0.0
rr3,A,tech_03,0.1,3,5.0,3,5.0,3,3,4.1345,0,0.0
rr3,A,tech_03,0.2,3,5.0,3,5.0,3,3,3.2689999999999997,0,0.0
rr3,A,tech_03,0.5,3,5.0,3,5.0,2,1,1.9045,0,0.0
rr3,A,tech_04,0.0,1,4.0,6,4.0,2,1,4.0,5,0.0
rr3,A,tech_04,0.05,1,4.0,6,4.0,2,1,3.8349,5,0.0
rr3,A,tech_04,0.1,1,4.0,6,4.0,2,1,3.6698,5,0.0
rr3,A,tech_04,0.2,1,4.0,6,4.0,2,1,3.3396,5,0.0
rr3,A,tech_04,0.5,1,4.0,6,4.0,2,1,2.349,5,0.0
rr3,A,tech_05,0.0,2,5.0,3,5.0,3,2,5.0,1,0.0
rr3,A,tech_05,0.05,2,5.0,3,5.0,3,2,4.3304,1,0.0
rr3,A,tech_05,0.1,2,5.0,3,5.0,3,2,3.6608,1,0.0
rr3,A,tech_05,0.2,2,5.0,3,5.0,3,2,2.3216,1,0.0
rr3,A,tech_05,0.5,2,5.0,3,5.0,2,1,-1.6369999999999996,1,0.0
sel3,B1,anal_01,0.0,1,4.0,2,4.0,2,1,4.0,1,0.0
sel3,B1,anal_01,0.05,1,4.0,2,4.0,2,1,3.93465,1,0.0
sel3,B1,anal_01,0.1,1,4.0,2,4.0,2,1,3.8693,1,0.0
sel3,B1,anal_01,0.2,1,4.0,2,4.0,2,1,3.7386,1,0.0
sel3,B1,anal_01,0.5,1,4.0,2,4.0,2,1,3.3465,1,0.0
sel3,B1,anal_02,0.0,1,4.0,3,4.0,2,1,4.0,2,0.0
sel3,B1,anal_02,0.05,1,4.0,3,4.0,2,1,3.9401,2,0.0
sel3,B1,anal_02,0.1,1,4.0,3,4.0,2,1,3.8802,2,0.0
sel3,B1,anal_02,0.2,1,4.0,3,4.0,2,1,3.7604,2,0.0
sel3,B1,anal_02,0.5,1,4.0,3,4.0,2,1,3.401,2,0.0
sel3,B1,anal_03,0.0,1,4.0,2,3.0,2,1,4.0,1,1.0
sel3,B1,anal_03,0.05,1,4.0,2,3.0,2,1,3.9402,1,1.0
sel3,B1,anal_03,0.1,1,4.0,2,3.0,2,1,3.8804,1,1.0
sel3,B1,anal_03,0.2,1,4.0,2,3.0,2,1,3.7608,1,1.0
sel3,B1,anal_03,0.5,1,4.0,2,3.0,2,1,3.402,1,1.0
sel3,B1,anal_04,0.0,2,4.0,2,4.0,2,2,4.0,0,0.0
sel3,B1,anal_04,0.05,2,4.0,2,4.0,2,2,3.7326,0,0.0
sel3,B1,anal_04,0.1,2,4.0,2,4.0,2,2,3.4652,0,0.0
sel3,B1,anal_04,0.2,2,4.0,2,4.0,2,2,2.9303999999999997,0,0.0
sel3,B1,anal_04,0.5,2,4.0,2,4.0,2,1,2.1245000000000003,0,0.0
sel3,B1,anal_05,0.0,1,4.0,3,4.0,2,1,4.0,2,0.0
sel3,B1,anal_05,0.05,1,4.0,3,4.0,2,1,3.92935,2,0.0
sel3,B1,anal_05,0.1,1,4.0,3,4.0,2,1,3.8587,2,0.0
sel3,B1,anal_05,0.2,1,4.0,3,4.0,2,1,3.7174,2,0.0
sel3,B1,anal_05,0.5,1,4.0,3,4.0,2,1,3.2935,2,0.0
sel3,B1,crea_01,0.0,1,4.0,2,4.0,2,1,4.0,1,0.0
sel3,B1,crea_01,0.05,1,4.0,2,4.0,2,1,3.8888,1,0.0
sel3,B1,crea_01,0.1,1,4.0,2,4.0,2,1,3.7776,1,0.0
sel3,B1,crea_01,0.2,1,4.0,2,4.0,2,1,3.5552,1,0.0
sel3,B1,crea_01,0.5,1,4.0,2,4.0,2,1,2.888,1,0.0
sel3,B1,crea_02,0.0,2,5.0,2,5.0,2,2,5.0,0,0.0
sel3,B1,crea_02,0.05,2,5.0,2,5.0,2,2,4.90025,0,0.0
sel3,B1,crea_02,0.1,2,5.0,2,5.0,2,2,4.8004999999999995,0,0.0
sel3,B1,crea_02,0.2,2,5.0,2,5.0,2,2,4.601,0,0.0
sel3,B1,crea_02,0.5,2,5.0,2,5.0,2,2,4.0024999999999995,0,0.0
sel3,B1,crea_03,0.0,1,4.0,2,4.0,2,1,4.0,1,0.0
sel3,B1,crea_03,0.05,1,4.0,2,4.0,2,1,3.92295,1,0.0
sel3,B1,crea_03,0.1,1,4.0,2,4.0,2,1,3.8459,1,0.0
sel3,B1,crea_03,0.2,1,4.0,2,4.0,2,1,3.6917999999999997,1,0.0
sel3,B1,crea_03,0.5,1,4.0,2,4.0,2,1,3.2295,1,0.0
sel3,B1,crea_04,0.0,1,4.0,7,4.0,2,1,4.0,6,0.0
sel3,B1,crea_04,0.05,1,4.0,7,4.0,2,1,3.9262,6,0.0
sel3,B1,crea_04,0.1,1,4.0,7,4.0,2,1,3.8524,6,0.0
sel3,B1,crea_04,0.2,1,4.0,7,4.0,2,1,3.7048,6,0.0
sel3,B1,crea_04,0.5,1,4.0,7,4.0,2,1,3.262,6,0.0
sel3,B1,crea_05,0.0,1,5.0,2,5.0,2,1,5.0,1,0.0
sel3,B1,crea_05,0.05,1,5.0,2,5.0,2,1,4.97295,1,0.0
sel3,B1,crea_05,0.1,1,5.0,2,5.0,2,1,4.9459,1,0.0
sel3,B1,crea_05,0.2,1,5.0,2,5.0,2,1,4.8918,1,0.0
sel3,B1,crea_05,0.5,1,5.0,2,5.0,2,1,4.7295,1,0.0
sel3,B1,fact_01,0.0,1,4.0,3,2.0,2,1,4.0,2,2.0
sel3,B1,fact_01,0.05,1,4.0,3,2.0,2,1,3.95865,2,2.0
sel3,B1,fact_01,0.1,1,4.0,3,2.0,2,1,3.9173,2,2.0
sel3,B1,fact_01,0.2,1,4.0,3,2.0,2,1,3.8346,2,2.0
sel3,B1,fact_01,0.5,1,4.0,3,2.0,2,1,3.5865,2,2.0
sel3,B1,fact_02,0.0,1,4.0,2,4.0,2,1,4.0,1,0.0
sel3,B1,fact_02,0.05,1,4.0,2,4.0,2,1,3.98,1,0.0
sel3,B1,fact_02,0.1,1,4.0,2,4.0,2,1,3.96,1,0.0
sel3,B1,fact_02,0.2,1,4.0,2,4.0,2,1,3.92,1,0.0
sel3,B1,fact_02,0.5,1,4.0,2,4.0,2,1,3.8,1,0.0
sel3,B1,fact_03,0.0,1,4.0,3,2.0,2,1,4.0,2,2.0
sel3,B1,fact_03,0.05,1,4.0,3,2.0,2,1,3.92085,2,2.0
sel3,B1,fact_03,0.1,1,4.0,3,2.0,2,1,3.8417,2,2.0
sel3,B1,fact_03,0.2,1,4.0,3,2.0,2,1,3.6834,2,2.0
sel3,B1,fact_03,0.5,1,4.0,3,2.0,2,1,3.2085,2,2.0
sel3,B1,fact_04,0.0,1,5.0,2,5.0,2,1,5.0,1,0.0
sel3,B1,fact_04,0.05,1,5.0,2,5.0,2,1,4.95495,1,0.0
sel3,B1,fact_04,0.1,1,5.0,2,5.0,2,1,4.9099,1,0.0
sel3,B1,fact_04,0.2,1,5.0,2,5.0,2,1,4.8198,1,0.0
sel3,B1,fact_04,0.5,1,5.0,2,5.0,2,1,4.5495,1,0.0
sel3,B1,fact_05,0.0,1,4.0,3,3.0,2,1,4.0,2,1.0
sel3,B1,fact_05,0.05,1,4.0,3,3.0,2,1,3.9017,2,1.0
sel3,B1,fact_05,0.1,1,4.0,3,3.0,2,1,3.8034,2,1.0
sel3,B1,fact_05,0.2,1,4.0,3,3.0,2,1,3.6068,2,1.0
sel3,B1,fact_05,0.5,1,4.0,3,3.0,2,1,3.017,2,1.0
sel3,B1,tech_01,0.0,1,3.0,3,2.0,2,1,3.0,2,1.0
sel3,B1,tech_01,0.05,1,3.0,3,2.0,2,1,2.50325,2,1.0
sel3,B1,tech_01,0.1,1,3.0,3,2.0,2,1,2.0065,2,1.0
sel3,B1,tech_01,0.2,1,3.0,3,2.0,2,1,1.013,2,1.0
sel3,B1,tech_01,0.5,1,3.0,3,2.0,2,1,-1.9675000000000002,2,1.0
sel3,B1,tech_02,0.0,1,3.0,3,3.0,2,1,3.0,2,0.0
sel3,B1,tech_02,0.05,1,3.0,3,3.0,2,1,2.7692,2,0.0
sel3,B1,tech_02,0.1,1,3.0,3,3.0,2,1,2.5384,2,0.0
sel3,B1,tech_02,0.2,1,3.0,3,3.0,2,1,2.0768,2,0.0
sel3,B1,tech_02,0.5,1,3.0,3,3.0,2,1,0.6920000000000002,2,0.0
sel3,B1,tech_03,0.0,1,3.0,3,2.0,2,1,3.0,2,1.0
sel3,B1,tech_03,0.05,1,3.0,3,2.0,2,1,2.85225,2,1.0
sel3,B1,tech_03,0.1,1,3.0,3,2.0,2,1,2.7045,2,1.0
sel3,B1,tech_03,0.2,1,3.0,3,2.0,2,1,2.409,2,1.0
sel3,B1,tech_03,0.5,1,3.0,3,2.0,2,1,1.5225,2,1.0
sel3,B1,tech_04,0.0,1,3.0,3,2.0,2,1,3.0,2,1.0
sel3,B1,tech_04,0.05,1,3.0,3,2.0,2,1,2.7672,2,1.0
sel3,B1,tech_04,0.1,1,3.0,3,2.0,2,1,2.5343999999999998,2,1.0
sel3,B1,tech_04,0.2,1,3.0,3,2.0,2,1,2.0688,2,1.0
sel3,B1,tech_04,0.5,1,3.0,3,2.0,2,1,0.6720000000000002,2,1.0
sel3,B1,tech_05,0.0,1,3.0,3,2.0,2,1,3.0,2,1.0
sel3,B1,tech_05,0.05,1,3.0,3,2.0,2,1,2.65335,2,1.0
sel3,B1,tech_05,0.1,1,3.0,3,2.0,2,1,2.3067,2,1.0
sel3,B1,tech_05,0.2,1,3.0,3,2.0,2,1,1.6134,2,1.0
sel3,B1,tech_05,0.5,1,3.0,3,2.0,2,1,-0.4664999999999999,2,1.0
swm3,B2,anal_01,0.0,1,4.0,1,4.0,1,1,4.0,0,0.0
swm3,B2,anal_01,0.05,1,4.0,1,4.0,1,1,3.98095,0,0.0
swm3,B2,anal_01,0.1,1,4.0,1,4.0,1,1,3.9619,0,0.0
swm3,B2,anal_01,0.2,1,4.0,1,4.0,1,1,3.9238,0,0.0
swm3,B2,anal_01,0.5,1,4.0,1,4.0,1,1,3.8095,0,0.0
swm3,B2,anal_02,0.0,1,4.0,1,4.0,1,1,4.0,0,0.0
swm3,B2,anal_02,0.05,1,4.0,1,4.0,1,1,3.98155,0,0.0
swm3,B2,anal_02,0.1,1,4.0,1,4.0,1,1,3.9631,0,0.0
swm3,B2,anal_02,0.2,1,4.0,1,4.0,1,1,3.9262,0,0.0
swm3,B2,anal_02,0.5,1,4.0,1,4.0,1,1,3.8155,0,0.0
swm3,B2,anal_03,0.0,1,4.0,1,4.0,1,1,4.0,0,0.0
swm3,B2,anal_03,0.05,1,4.0,1,4.0,1,1,3.9779,0,0.0
swm3,B2,anal_03,0.1,1,4.0,1,4.0,1,1,3.9558,0,0.0
swm3,B2,anal_03,0.2,1,4.0,1,4.0,1,1,3.9116,0,0.0
swm3,B2,anal_03,0.5,1,4.0,1,4.0,1,1,3.779,0,0.0
swm3,B2,anal_04,0.0,1,4.0,1,4.0,1,1,4.0,0,0.0
swm3,B2,anal_04,0.05,1,4.0,1,4.0,1,1,3.9773,0,0.0
swm3,B2,anal_04,0.1,1,4.0,1,4.0,1,1,3.9546,0,0.0
swm3,B2,anal_04,0.2,1,4.0,1,4.0,1,1,3.9092,0,0.0
swm3,B2,anal_04,0.5,1,4.0,1,4.0,1,1,3.773,0,0.0
swm3,B2,anal_05,0.0,1,4.0,1,4.0,1,1,4.0,0,0.0
swm3,B2,anal_05,0.05,1,4.0,1,4.0,1,1,3.9784,0,0.0
swm3,B2,anal_05,0.1,1,4.0,1,4.0,1,1,3.9568,0,0.0
swm3,B2,anal_05,0.2,1,4.0,1,4.0,1,1,3.9136,0,0.0
swm3,B2,anal_05,0.5,1,4.0,1,4.0,1,1,3.784,0,0.0
swm3,B2,crea_01,0.0,1,5.0,1,5.0,1,1,5.0,0,0.0
swm3,B2,crea_01,0.05,1,5.0,1,5.0,1,1,4.9809,0,0.0
swm3,B2,crea_01,0.1,1,5.0,1,5.0,1,1,4.9618,0,0.0
swm3,B2,crea_01,0.2,1,5.0,1,5.0,1,1,4.9236,0,0.0
swm3,B2,crea_01,0.5,1,5.0,1,5.0,1,1,4.809,0,0.0
swm3,B2,crea_02,0.0,1,4.0,1,4.0,1,1,4.0,0,0.0
swm3,B2,crea_02,0.05,1,4.0,1,4.0,1,1,3.9885,0,0.0
swm3,B2,crea_02,0.1,1,4.0,1,4.0,1,1,3.977,0,0.0
swm3,B2,crea_02,0.2,1,4.0,1,4.0,1,1,3.954,0,0.0
swm3,B2,crea_02,0.5,1,4.0,1,4.0,1,1,3.885,0,0.0
swm3,B2,crea_03,0.0,1,5.0,1,5.0,1,1,5.0,0,0.0
swm3,B2,crea_03,0.05,1,5.0,1,5.0,1,1,4.9831,0,0.0
swm3,B2,crea_03,0.1,1,5.0,1,5.0,1,1,4.9662,0,0.0
swm3,B2,crea_03,0.2,1,5.0,1,5.0,1,1,4.9324,0,0.0
swm3,B2,crea_03,0.5,1,5.0,1,5.0,1,1,4.831,0,0.0
swm3,B2,crea_04,0.0,1,5.0,1,5.0,1,1,5.0,0,0.0
swm3,B2,crea_04,0.05,1,5.0,1,5.0,1,1,4.9771,0,0.0
swm3,B2,crea_04,0.1,1,5.0,1,5.0,1,1,4.9542,0,0.0
swm3,B2,crea_04,0.2,1,5.0,1,5.0,1,1,4.9084,0,0.0
swm3,B2,crea_04,0.5,1,5.0,1,5.0,1,1,4.771,0,0.0
swm3,B2,crea_05,0.0,1,5.0,2,4.0,2,1,5.0,1,1.0
swm3,B2,crea_05,0.05,1,5.0,2,4.0,2,1,4.97285,1,1.0
swm3,B2,crea_05,0.1,1,5.0,2,4.0,2,1,4.9457,1,1.0
swm3,B2,crea_05,0.2,1,5.0,2,4.0,2,1,4.8914,1,1.0
swm3,B2,crea_05,0.5,1,5.0,2,4.0,2,1,4.7285,1,1.0
swm3,B2,fact_01,0.0,1,4.0,1,4.0,1,1,4.0,0,0.0
swm3,B2,fact_01,0.05,1,4.0,1,4.0,1,1,3.98305,0,0.0
swm3,B2,fact_01,0.1,1,4.0,1,4.0,1,1,3.9661,0,0.0
swm3,B2,fact_01,0.2,1,4.0,1,4.0,1,1,3.9322,0,0.0
swm3,B2,fact_01,0.5,1,4.0,1,4.0,1,1,3.8305,0,0.0
swm3,B2,fact_02,0.0,1,5.0,1,5.0,1,1,5.0,0,0.0
swm3,B2,fact_02,0.05,1,5.0,1,5.0,1,1,4.9848,0,0.0
swm3,B2,fact_02,0.1,1,5.0,1,5.0,1,1,4.9696,0,0.0
swm3,B2,fact_02,0.2,1,5.0,1,5.0,1,1,4.9392,0,0.0
swm3,B2,fact_02,0.5,1,5.0,1,5.0,1,1,4.848,0,0.0
swm3,B2,fact_03,0.0,1,4.0,2,3.0,2,1,4.0,1,1.0
swm3,B2,fact_03,0.05,1,4.0,2,3.0,2,1,3.98345,1,1.0
swm3,B2,fact_03,0.1,1,4.0,2,3.0,2,1,3.9669,1,1.0
swm3,B2,fact_03,0.2,1,4.0,2,3.0,2,1,3.9338,1,1.0
swm3,B2,fact_03,0.5,1,4.0,2,3.0,2,1,3.8345,1,1.0
swm3,B2,fact_04,0.0,1,5.0,1,5.0,1,1,5.0,0,0.0
swm3,B2,fact_04,0.05,1,5.0,1,5.0,1,1,4.984,0,0.0
swm3,B2,fact_04,0.1,1,5.0,1,5.0,1,1,4.968,0,0.0
swm3,B2,fact_04,0.2,1,5.0,1,5.0,1,1,4.936,0,0.0
swm3,B2,fact_04,0.5,1,5.0,1,5.0,1,1,4.84,0,0.0
swm3,B2,fact_05,0.0,1,5.0,1,5.0,1,1,5.0,0,0.0
swm3,B2,fact_05,0.05,1,5.0,1,5.0,1,1,4.9791,0,0.0
swm3,B2,fact_05,0.1,1,5.0,1,5.0,1,1,4.9582,0,0.0
swm3,B2,fact_05,0.2,1,5.0,1,5.0,1,1,4.9164,0,0.0
swm3,B2,fact_05,0.5,1,5.0,1,5.0,1,1,4.791,0,0.0
swm3,B2,tech_01,0.0,1,3.0,1,3.0,1,1,3.0,0,0.0
swm3,B2,tech_01,0.05,1,3.0,1,3.0,1,1,2.98075,0,0.0
swm3,B2,tech_01,0.1,1,3.0,1,3.0,1,1,2.9615,0,0.0
swm3,B2,tech_01,0.2,1,3.0,1,3.0,1,1,2.923,0,0.0
swm3,B2,tech_01,0.5,1,3.0,1,3.0,1,1,2.8075,0,0.0
swm3,B2,tech_02,0.0,1,4.0,1,4.0,1,1,4.0,0,0.0
swm3,B2,tech_02,0.05,1,4.0,1,4.0,1,1,3.979,0,0.0
swm3,B2,tech_02,0.1,1,4.0,1,4.0,1,1,3.958,0,0.0
swm3,B2,tech_02,0.2,1,4.0,1,4.0,1,1,3.916,0,0.0
swm3,B2,tech_02,0.5,1,4.0,1,4.0,1,1,3.79,0,0.0
swm3,B2,tech_03,0.0,1,4.0,1,4.0,1,1,4.0,0,0.0
swm3,B2,tech_03,0.05,1,4.0,1,4.0,1,1,3.97925,0,0.0
swm3,B2,tech_03,0.1,1,4.0,1,4.0,1,1,3.9585,0,0.0
swm3,B2,tech_03,0.2,1,4.0,1,4.0,1,1,3.917,0,0.0
swm3,B2,tech_03,0.5,1,4.0,1,4.0,1,1,3.7925,0,0.0
swm3,B2,tech_04,0.0,1,2.0,4,2.0,2,1,2.0,3,0.0
swm3,B2,tech_04,0.05,1,2.0,4,2.0,2,1,1.98135,3,0.0
swm3,B2,tech_04,0.1,1,2.0,4,2.0,2,1,1.9627,3,0.0
swm3,B2,tech_04,0.2,1,2.0,4,2.0,2,1,1.9254,3,0.0
swm3,B2,tech_04,0.5,1,2.0,4,2.0,2,1,1.8135,3,0.0
swm3,B2,tech_05,0.0,1,3.0,1,3.0,1,1,3.0,0,0.0
swm3,B2,tech_05,0.05,1,3.0,1,3.0,1,1,2.9773,0,0.0
swm3,B2,tech_05,0.1,1,3.0,1,3.0,1,1,2.9546,0,0.0
swm3,B2,tech_05,0.2,1,3.0,1,3.0,1,1,2.9092,0,0.0
swm3,B2,tech_05,0.5,1,3.0,1,3.0,1,1,2.773,0,0.0
