pattern,pattern_category,task_id,turn_index,quality,delta_q,tokens_kT,delta_c,cumul_cost_kT,lambda,delta_u,U_t
debate3,C,anal_01,1,4.0,4.0,0.915,0.915,0.915,0.0,4.0,4.0
debate3,C,anal_01,2,4.0,0.0,2.215,2.215,3.13,0.0,0.0,4.0
debate3,C,anal_01,3,4.0,0.0,3.139,3.139,6.269,0.0,0.0,4.0
debate3,C,anal_01,1,4.0,4.0,0.915,0.915,0.915,0.05,3.95425,3.95425
debate3,C,anal_01,2,4.0,0.0,2.215,2.215,3.13,0.05,-0.11075,3.8435
debate3,C,anal_01,3,4.0,0.0,3.139,3.139,6.269,0.05,-0.15695,3.68655
debate3,C,anal_01,1,4.0,4.0,0.915,0.915,0.915,0.1,3.9085,3.9085
debate3,C,anal_01,2,4.0,0.0,2.215,2.215,3.13,0.1,-0.2215,3.687
debate3,C,anal_01,3,4.0,0.0,3.139,3.139,6.269,0.1,-0.3139,3.3731
debate3,C,anal_01,1,4.0,4.0,0.915,0.915,0.915,0.2,3.817,3.817
debate3,C,anal_01,2,4.0,0.0,2.215,2.215,3.13,0.2,-0.443,3.374
debate3,C,anal_01,3,4.0,0.0,3.139,3.139,6.269,0.2,-0.6278,2.7462
debate3,C,anal_01,1,4.0,4.0,0.915,0.915,0.915,0.5,3.5425,3.5425
debate3,C,anal_01,2,4.0,0.0,2.215,2.215,3.13,0.5,-1.1075,2.435
debate3,C,anal_01,3,4.0,0.0,3.139,3.139,6.269,0.5,-1.5695,0.8654999999999999
debate3,C,anal_02,1,3.0,3.0,1.088,1.088,1.088,0.0,3.0,3.0
debate3,C,anal_02,2,4.0,1.0,2.691,2.691,3.779,0.0,1.0,4.0
debate3,C,anal_02,3,4.0,0.0,3.989,3.989,7.768,0.0,0.0,4.0
debate3,C,anal_02,1,3.0,3.0,1.088,1.088,1.088,0.05,2.9455999999999998,2.9455999999999998
debate3,C,anal_02,2,4.0,1.0,2.691,2.691,3.779,0.05,0.86545,3.81105
debate3,C,anal_02,3,4.0,0.0,3.989,3.989,7.768,0.05,-0.19945000000000002,3.6116
debate3,C,anal_02,1,3.0,3.0,1.088,1.088,1.088,0.1,2.8912,2.8912
debate3,C,anal_02,2,4.0,1.0,2.691,2.691,3.779,0.1,0.7309,3.6221
debate3,C,anal_02,3,4.0,0.0,3.989,3.989,7.768,0.1,-0.39890000000000003,3.2232
debate3,C,anal_02,1,3.0,3.0,1.088,1.088,1.088,0.2,2.7824,2.7824
debate3,C,anal_02,2,4.0,1.0,2.691,2.691,3.779,0.2,0.4618,3.2442
debate3,C,anal_02,3,4.0,0.0,3.989,3.989,7.768,0.2,-0.7978000000000001,2.4463999999999997
debate3,C,anal_02,1,3.0,3.0,1.088,1.088,1.088,0.5,2.456,2.456
debate3,C,anal_02,2,4.0,1.0,2.691,2.691,3.779,0.5,-0.3454999999999999,2.1105
debate3,C,anal_02,3,4.0,0.0,3.989,3.989,7.768,0.5,-1.9945,0.1160000000000001
debate3,C,anal_03,1,4.0,4.0,0.709,0.709,0.709,0.0,4.0,4.0
debate3,C,anal_03,2,3.0,-1.0,1.539,1.539,2.2479999999999998,0.0,-1.0,3.0
debate3,C,anal_03,3,3.0,0.0,2.126,2.126,4.374,0.0,0.0,3.0
debate3,C,anal_03,1,4.0,4.0,0.709,0.709,0.709,0.05,3.96455,3.96455
debate3,C,anal_03,2,3.0,-1.0,1.539,1.539,2.2479999999999998,0.05,-1.07695,2.8876
debate3,C,anal_03,3,3.0,0.0,2.126,2.126,4.374,0.05,-0.1063,2.7813
debate3,C,anal_03,1,4.0,4.0,0.709,0.709,0.709,0.1,3.9291,3.9291
debate3,C,anal_03,2,3.0,-1.0,1.539,1.539,2.2479999999999998,0.1,-1.1539,2.7752
debate3,C,anal_03,3,3.0,0.0,2.126,2.126,4.374,0.1,-0.2126,2.5625999999999998
debate3,C,anal_03,1,4.0,4.0,0.709,0.709,0.709,0.2,3.8582,3.8582
debate3,C,anal_03,2,3.0,-1.0,1.539,1.539,2.2479999999999998,0.2,-1.3078,2.5504
debate3,C,anal_03,3,3.0,0.0,2.126,2.126,4.374,0.2,-0.4252,2.1252
debate3,C,anal_03,1,4.0,4.0,0.709,0.709,0.709,0.5,3.6455,3.6455
debate3,C,anal_03,2,3.0,-1.0,1.539,1.539,2.2479999999999998,0.5,-1.7694999999999999,1.8760000000000001
debate3,C,anal_03,3,3.0,0.0,2.126,2.126,4.374,0.5,-1.063,0.8130000000000002
debate3,C,anal_04,1,3.0,3.0,1.226,1.226,1.226,0.0,3.0,3.0
debate3,C,anal_04,2,4.0,1.0,3.221,3.221,4.447,0.0,1.0,4.0
debate3,C,anal_04,3,4.0,0.0,5.328,5.328,9.775,0.0,0.0,4.0
debate3,C,anal_04,1,3.0,3.0,1.226,1.226,1.226,0.05,2.9387,2.9387
debate3,C,anal_04,2,4.0,1.0,3.221,3.221,4.447,0.05,0.83895,3.77765
debate3,C,anal_04,3,4.0,0.0,5.328,5.328,9.775,0.05,-0.2664,3.51125
debate3,C,anal_04,1,3.0,3.0,1.226,1.226,1.226,0.1,2.8774,2.8774
debate3,C,anal_04,2,4.0,1.0,3.221,3.221,4.447,0.1,0.6779,3.5553
debate3,C,anal_04,3,4.0,0.0,5.328,5.328,9.775,0.1,-0.5328,3.0225
debate3,C,anal_04,1,3.0,3.0,1.226,1.226,1.226,0.2,2.7548,2.7548
debate3,C,anal_04,2,4.0,1.0,3.221,3.221,4.447,0.2,0.3557999999999999,3.1106
debate3,C,anal_04,3,4.0,0.0,5.328,5.328,9.775,0.2,-1.0656,2.045
debate3,C,anal_04,1,3.0,3.0,1.226,1.226,1.226,0.5,2.387,2.387
debate3,C,anal_04,2,4.0,1.0,3.221,3.221,4.447,0.5,-0.6105,1.7765
debate3,C,anal_04,3,4.0,0.0,5.328,5.328,9.775,0.5,-2.664,-0.8875000000000002
debate3,C,anal_05,1,3.0,3.0,0.702,0.702,0.702,0.0,3.0,3.0
debate3,C,anal_05,2,4.0,1.0,2.249,2.249,2.951,0.0,1.0,4.0
debate3,C,anal_05,3,3.0,-1.0,4.565,4.565,7.516,0.0,-1.0,3.0
debate3,C,anal_05,4,4.0,1.0,1.184,1.184,8.7,0.0,1.0,4.0
debate3,C,anal_05,1,3.0,3.0,0.702,0.702,0.702,0.05,2.9649,2.9649
debate3,C,anal_05,2,4.0,1.0,2.249,2.249,2.951,0.05,0.88755,3.85245
debate3,C,anal_05,3,3.0,-1.0,4.565,4.565,7.516,0.05,-1.22825,2.6242
debate3,C,anal_05,4,4.0,1.0,1.184,1.184,8.7,0.05,0.9408,3.565
debate3,C,anal_05,1,3.0,3.0,0.702,0.702,0.702,0.1,2.9298,2.9298
debate3,C,anal_05,2,4.0,1.0,2.249,2.249,2.951,0.1,0.7751,3.7049
debate3,C,anal_05,3,3.0,-1.0,4.565,4.565,7.516,0.1,-1.4565000000000001,2.2484
debate3,C,anal_05,4,4.0,1.0,1.184,1.184,8.7,0.1,0.8815999999999999,3.13
debate3,C,anal_05,1,3.0,3.0,0.702,0.702,0.702,0.2,2.8596,2.8596
debate3,C,anal_05,2,4.0,1.0,2.249,2.249,2.951,0.2,0.5502,3.4097999999999997
debate3,C,anal_05,3,3.0,-1.0,4.565,4.565,7.516,0.2,-1.9130000000000003,1.4968
debate3,C,anal_05,4,4.0,1.0,1.184,1.184,8.7,0.2,0.7632,2.26
debate3,C,anal_05,1,3.0,3.0,0.702,0.702,0.702,0.5,2.649,2.649
debate3,C,anal_05,2,4.0,1.0,2.249,2.249,2.951,0.5,-0.12450000000000006,2.5244999999999997
debate3,C,anal_05,3,3.0,-1.0,4.565,4.565,7.516,0.5,-3.2825,-0.758
debate3,C,anal_05,4,4.0,1.0,1.184,1.184,8.7,0.5,0.40800000000000003,-0.34999999999999964
debate3,C,crea_01,1,3.0,3.0,1.852,1.852,1.852,0.0,3.0,3.0
debate3,C,crea_01,2,4.0,1.0,4.602,4.602,6.454000000000001,0.0,1.0,4.0
debate3,C,crea_01,3,4.0,0.0,1.783,1.783,8.237,0.0,0.0,4.0
debate3,C,crea_01,1,3.0,3.0,1.852,1.852,1.852,0.05,2.9074,2.9074
debate3,C,crea_01,2,4.0,1.0,4.602,4.602,6.454000000000001,0.05,0.7699,3.6773
debate3,C,crea_01,3,4.0,0.0,1.783,1.783,8.237,0.05,-0.08915000000000001,3.5881499999999997
debate3,C,crea_01,1,3.0,3.0,1.852,1.852,1.852,0.1,2.8148,2.8148
debate3,C,crea_01,2,4.0,1.0,4.602,4.602,6.454000000000001,0.1,0.5398,3.3546
debate3,C,crea_01,3,4.0,0.0,1.783,1.783,8.237,0.1,-0.17830000000000001,3.1763
debate3,C,crea_01,1,3.0,3.0,1.852,1.852,1.852,0.2,2.6296,2.6296
debate3,C,crea_01,2,4.0,1.0,4.602,4.602,6.454000000000001,0.2,0.0795999999999999,2.7092
debate3,C,crea_01,3,4.0,0.0,1.783,1.783,8.237,0.2,-0.35660000000000003,2.3526
debate3,C,crea_01,1,3.0,3.0,1.852,1.852,1.852,0.5,2.074,2.074
debate3,C,crea_01,2,4.0,1.0,4.602,4.602,6.454000000000001,0.5,-1.3010000000000002,0.7729999999999997
debate3,C,crea_01,3,4.0,0.0,1.783,1.783,8.237,0.5,-0.8915,-0.11850000000000005
debate3,C,crea_02,1,4.0,4.0,0.694,0.694,0.694,0.0,4.0,4.0
debate3,C,crea_02,2,2.0,-2.0,1.496,1.496,2.19,0.0,-2.0,2.0
debate3,C,crea_02,3,2.0,0.0,2.868,2.868,5.058,0.0,0.0,2.0
debate3,C,crea_02,4,2.0,0.0,3.962,3.962,9.02,0.0,0.0,2.0
debate3,C,crea_02,1,4.0,4.0,0.694,0.694,0.694,0.05,3.9653,3.9653
debate3,C,crea_02,2,2.0,-2.0,1.496,1.496,2.19,0.05,-2.0748,1.8905
debate3,C,crea_02,3,2.0,0.0,2.868,2.868,5.058,0.05,-0.1434,1.7471
debate3,C,crea_02,4,2.0,0.0,3.962,3.962,9.02,0.05,-0.19810000000000003,1.549
debate3,C,crea_02,1,4.0,4.0,0.694,0.694,0.694,0.1,3.9306,3.9306
debate3,C,crea_02,2,2.0,-2.0,1.496,1.496,2.19,0.1,-2.1496,1.781
debate3,C,crea_02,3,2.0,0.0,2.868,2.868,5.058,0.1,-0.2868,1.4942
debate3,C,crea_02,4,2.0,0.0,3.962,3.962,9.02,0.1,-0.39620000000000005,1.0979999999999999
debate3,C,crea_02,1,4.0,4.0,0.694,0.694,0.694,0.2,3.8612,3.8612
debate3,C,crea_02,2,2.0,-2.0,1.496,1.496,2.19,0.2,-2.2992,1.562
debate3,C,crea_02,3,2.0,0.0,2.868,2.868,5.058,0.2,-0.5736,0.9884
debate3,C,crea_02,4,2.0,0.0,3.962,3.962,9.02,0.2,-0.7924000000000001,0.19599999999999995
debate3,C,crea_02,1,4.0,4.0,0.694,0.694,0.694,0.5,3.653,3.653
debate3,C,crea_02,2,2.0,-2.0,1.496,1.496,2.19,0.5,-2.748,0.905
debate3,C,crea_02,3,2.0,0.0,2.868,2.868,5.058,0.5,-1.434,-0.5289999999999999
debate3,C,crea_02,4,2.0,0.0,3.962,3.962,9.02,0.5,-1.981,-2.51
debate3,C,crea_03,1,4.0,4.0,1.179,1.179,1.179,0.0,4.0,4.0
debate3,C,crea_03,2,4.0,0.0,3.174,3.174,4.353,0.0,0.0,4.0
debate3,C,crea_03,3,3.0,-1.0,4.242,4.242,8.594999999999999,0.0,-1.0,3.0
debate3,C,crea_03,1,4.0,4.0,1.179,1.179,1.179,0.05,3.94105,3.94105
debate3,C,crea_03,2,4.0,0.0,3.174,3.174,4.353,0.05,-0.1587,3.78235
debate3,C,crea_03,3,3.0,-1.0,4.242,4.242,8.594999999999999,0.05,-1.2121,2.57025
debate3,C,crea_03,1,4.0,4.0,1.179,1.179,1.179,0.1,3.8821,3.8821
debate3,C,crea_03,2,4.0,0.0,3.174,3.174,4.353,0.1,-0.3174,3.5647
debate3,C,crea_03,3,3.0,-1.0,4.242,4.242,8.594999999999999,0.1,-1.4242,2.1405000000000003
debate3,C,crea_03,1,4.0,4.0,1.179,1.179,1.179,0.2,3.7641999999999998,3.7641999999999998
debate3,C,crea_03,2,4.0,0.0,3.174,3.174,4.353,0.2,-0.6348,3.1294
debate3,C,crea_03,3,3.0,-1.0,4.242,4.242,8.594999999999999,0.2,-1.8484,1.2810000000000001
debate3,C,crea_03,1,4.0,4.0,1.179,1.179,1.179,0.5,3.4105,3.4105
debate3,C,crea_03,2,4.0,0.0,3.174,3.174,4.353,0.5,-1.587,1.8235000000000001
debate3,C,crea_03,3,3.0,-1.0,4.242,4.242,8.594999999999999,0.5,-3.121,-1.2974999999999994
debate3,C,crea_04,1,4.0,4.0,1.345,1.345,1.345,0.0,4.0,4.0
debate3,C,crea_04,2,3.0,-1.0,3.424,3.424,4.769,0.0,-1.0,3.0
debate3,C,crea_04,3,3.0,0.0,6.535,6.535,11.304,0.0,0.0,3.0
debate3,C,crea_04,4,3.0,0.0,1.917,1.917,13.221,0.0,0.0,3.0
debate3,C,crea_04,1,4.0,4.0,1.345,1.345,1.345,0.05,3.93275,3.93275
debate3,C,crea_04,2,3.0,-1.0,3.424,3.424,4.769,0.05,-1.1712,2.76155
debate3,C,crea_04,3,3.0,0.0,6.535,6.535,11.304,0.05,-0.32675000000000004,2.4348
debate3,C,crea_04,4,3.0,0.0,1.917,1.917,13.221,0.05,-0.09585,2.33895
debate3,C,crea_04,1,4.0,4.0,1.345,1.345,1.345,0.1,3.8655,3.8655
debate3,C,crea_04,2,3.0,-1.0,3.424,3.424,4.769,0.1,-1.3424,2.5231
debate3,C,crea_04,3,3.0,0.0,6.535,6.535,11.304,0.1,-0.6535000000000001,1.8696
debate3,C,crea_04,4,3.0,0.0,1.917,1.917,13.221,0.1,-0.1917,1.6779
debate3,C,crea_04,1,4.0,4.0,1.345,1.345,1.345,0.2,3.731,3.731
debate3,C,crea_04,2,3.0,-1.0,3.424,3.424,4.769,0.2,-1.6848,2.0462
debate3,C,crea_04,3,3.0,0.0,6.535,6.535,11.304,0.2,-1.3070000000000002,0.7391999999999999
debate3,C,crea_04,4,3.0,0.0,1.917,1.917,13.221,0.2,-0.3834,0.3557999999999999
debate3,C,crea_04,1,4.0,4.0,1.345,1.345,1.345,0.5,3.3275,3.3275
debate3,C,crea_04,2,3.0,-1.0,3.424,3.424,4.769,0.5,-2.7119999999999997,0.6154999999999999
debate3,C,crea_04,3,3.0,0.0,6.535,6.535,11.304,0.5,-3.2675,-2.652
debate3,C,crea_04,4,3.0,0.0,1.917,1.917,13.221,0.5,-0.9585,-3.6105
debate3,C,crea_05,1,5.0,5.0,0.799,0.799,0.799,0.0,5.0,5.0
debate3,C,crea_05,2,4.0,-1.0,1.841,1.841,2.64,0.0,-1.0,4.0
debate3,C,crea_05,3,4.0,0.0,3.665,3.665,6.305,0.0,0.0,4.0
debate3,C,crea_05,4,4.0,0.0,4.57,4.57,10.875,0.0,0.0,4.0
debate3,C,crea_05,1,5.0,5.0,0.799,0.799,0.799,0.05,4.96005,4.96005
debate3,C,crea_05,2,4.0,-1.0,1.841,1.841,2.64,0.05,-1.09205,3.868
debate3,C,crea_05,3,4.0,0.0,3.665,3.665,6.305,0.05,-0.18325000000000002,3.68475
debate3,C,crea_05,4,4.0,0.0,4.57,4.57,10.875,0.05,-0.22850000000000004,3.45625
debate3,C,crea_05,1,5.0,5.0,0.799,0.799,0.799,0.1,4.9201,4.9201
debate3,C,crea_05,2,4.0,-1.0,1.841,1.841,2.64,0.1,-1.1841,3.7359999999999998
debate3,C,crea_05,3,4.0,0.0,3.665,3.665,6.305,0.1,-0.36650000000000005,3.3695
debate3,C,crea_05,4,4.0,0.0,4.57,4.57,10.875,0.1,-0.4570000000000001,2.9124999999999996
debate3,C,crea_05,1,5.0,5.0,0.799,0.799,0.799,0.2,4.8402,4.8402
debate3,C,crea_05,2,4.0,-1.0,1.841,1.841,2.64,0.2,-1.3682,3.472
debate3,C,crea_05,3,4.0,0.0,3.665,3.665,6.305,0.2,-0.7330000000000001,2.739
debate3,C,crea_05,4,4.0,0.0,4.57,4.57,10.875,0.2,-0.9140000000000001,1.8249999999999997
debate3,C,crea_05,1,5.0,5.0,0.799,0.799,0.799,0.5,4.6005,4.6005
debate3,C,crea_05,2,4.0,-1.0,1.841,1.841,2.64,0.5,-1.9205,2.6799999999999997
debate3,C,crea_05,3,4.0,0.0,3.665,3.665,6.305,0.5,-1.8325,0.8475000000000001
debate3,C,crea_05,4,4.0,0.0,4.57,4.57,10.875,0.5,-2.285,-1.4375
debate3,C,fact_01,1,4.0,4.0,0.943,0.943,0.943,0.0,4.0,4.0
debate3,C,fact_01,2,3.0,-1.0,2.167,2.167,3.11,0.0,-1.0,3.0
debate3,C,fact_01,3,3.0,0.0,2.814,2.814,5.9239999999999995,0.0,0.0,3.0
debate3,C,fact_01,1,4.0,4.0,0.943,0.943,0.943,0.05,3.95285,3.95285
debate3,C,fact_01,2,3.0,-1.0,2.167,2.167,3.11,0.05,-1.10835,2.8445
debate3,C,fact_01,3,3.0,0.0,2.814,2.814,5.9239999999999995,0.05,-0.14070000000000002,2.7038
debate3,C,fact_01,1,4.0,4.0,0.943,0.943,0.943,0.1,3.9057,3.9057
debate3,C,fact_01,2,3.0,-1.0,2.167,2.167,3.11,0.1,-1.2167,2.689
debate3,C,fact_01,3,3.0,0.0,2.814,2.814,5.9239999999999995,0.1,-0.28140000000000004,2.4076
debate3,C,fact_01,1,4.0,4.0,0.943,0.943,0.943,0.2,3.8114,3.8114
debate3,C,fact_01,2,3.0,-1.0,2.167,2.167,3.11,0.2,-1.4334,2.378
debate3,C,fact_01,3,3.0,0.0,2.814,2.814,5.9239999999999995,0.2,-0.5628000000000001,1.8152000000000001
debate3,C,fact_01,1,4.0,4.0,0.943,0.943,0.943,0.5,3.5285,3.5285
debate3,C,fact_01,2,3.0,-1.0,2.167,2.167,3.11,0.5,-2.0835,1.445
debate3,C,fact_01,3,3.0,0.0,2.814,2.814,5.9239999999999995,0.5,-1.407,0.038000000000000256
debate3,C,fact_02,1,5.0,5.0,0.587,0.587,0.587,0.0,5.0,5.0
debate3,C,fact_02,2,4.0,-1.0,1.938,1.938,2.525,0.0,-1.0,4.0
debate3,C,fact_02,3,4.0,0.0,4.22,4.22,6.744999999999999,0.0,0.0,4.0
debate3,C,fact_02,4,3.0,-1.0,1.872,1.872,8.616999999999999,0.0,-1.0,3.0
debate3,C,fact_02,1,5.0,5.0,0.587,0.587,0.587,0.05,4.97065,4.97065
debate3,C,fact_02,2,4.0,-1.0,1.938,1.938,2.525,0.05,-1.0969,3.87375
debate3,C,fact_02,3,4.0,0.0,4.22,4.22,6.744999999999999,0.05,-0.211,3.66275
debate3,C,fact_02,4,3.0,-1.0,1.872,1.872,8.616999999999999,0.05,-1.0936,2.56915
debate3,C,fact_02,1,5.0,5.0,0.587,0.587,0.587,0.1,4.9413,4.9413
debate3,C,fact_02,2,4.0,-1.0,1.938,1.938,2.525,0.1,-1.1938,3.7475
debate3,C,fact_02,3,4.0,0.0,4.22,4.22,6.744999999999999,0.1,-0.422,3.3255
debate3,C,fact_02,4,3.0,-1.0,1.872,1.872,8.616999999999999,0.1,-1.1872,2.1383
debate3,C,fact_02,1,5.0,5.0,0.587,0.587,0.587,0.2,4.8826,4.8826
debate3,C,fact_02,2,4.0,-1.0,1.938,1.938,2.525,0.2,-1.3876,3.495
debate3,C,fact_02,3,4.0,0.0,4.22,4.22,6.744999999999999,0.2,-0.844,2.651
debate3,C,fact_02,4,3.0,-1.0,1.872,1.872,8.616999999999999,0.2,-1.3744,1.2766000000000002
debate3,C,fact_02,1,5.0,5.0,0.587,0.587,0.587,0.5,4.7065,4.7065
debate3,C,fact_02,2,4.0,-1.0,1.938,1.938,2.525,0.5,-1.9689999999999999,2.7375
debate3,C,fact_02,3,4.0,0.0,4.22,4.22,6.744999999999999,0.5,-2.11,0.6275000000000004
debate3,C,fact_02,4,3.0,-1.0,1.872,1.872,8.616999999999999,0.5,-1.936,-1.3084999999999996
debate3,C,fact_03,1,4.0,4.0,1.12,1.12,1.12,0.0,4.0,4.0
debate3,C,fact_03,2,3.0,-1.0,2.942,2.942,4.062,0.0,-1.0,3.0
debate3,C,fact_03,3,3.0,0.0,5.213,5.213,9.275,0.0,0.0,3.0
debate3,C,fact_03,4,4.0,1.0,1.617,1.617,10.892,0.0,1.0,4.0
debate3,C,fact_03,1,4.0,4.0,1.12,1.12,1.12,0.05,3.944,3.944
debate3,C,fact_03,2,3.0,-1.0,2.942,2.942,4.062,0.05,-1.1471,2.7969
debate3,C,fact_03,3,3.0,0.0,5.213,5.213,9.275,0.05,-0.26065,2.53625
debate3,C,fact_03,4,4.0,1.0,1.617,1.617,10.892,0.05,0.91915,3.4554
debate3,C,fact_03,1,4.0,4.0,1.12,1.12,1.12,0.1,3.888,3.888
debate3,C,fact_03,2,3.0,-1.0,2.942,2.942,4.062,0.1,-1.2942,2.5938
debate3,C,fact_03,3,3.0,0.0,5.213,5.213,9.275,0.1,-0.5213,2.0725
debate3,C,fact_03,4,4.0,1.0,1.617,1.617,10.892,0.1,0.8383,2.9108
debate3,C,fact_03,1,4.0,4.0,1.12,1.12,1.12,0.2,3.776,3.776
debate3,C,fact_03,2,3.0,-1.0,2.942,2.942,4.062,0.2,-1.5884,2.1875999999999998
debate3,C,fact_03,3,3.0,0.0,5.213,5.213,9.275,0.2,-1.0426,1.1449999999999998
debate3,C,fact_03,4,4.0,1.0,1.617,1.617,10.892,0.2,0.6766,1.8216
debate3,C,fact_03,1,4.0,4.0,1.12,1.12,1.12,0.5,3.44,3.44
debate3,C,fact_03,2,3.0,-1.0,2.942,2.942,4.062,0.5,-2.471,0.9689999999999999
debate3,C,fact_03,3,3.0,0.0,5.213,5.213,9.275,0.5,-2.6065,-1.6375000000000002
debate3,C,fact_03,4,4.0,1.0,1.617,1.617,10.892,0.5,0.1915,-1.4459999999999997
debate3,C,fact_04,1,5.0,5.0,0.62,0.62,0.62,0.0,5.0,5.0
debate3,C,fact_04,2,4.0,-1.0,1.337,1.337,1.9569999999999999,0.0,-1.0,4.0
debate3,C,fact_04,3,4.0,0.0,1.881,1.881,3.838,0.0,0.0,4.0
debate3,C,fact_04,1,5.0,5.0,0.62,0.62,0.62,0.05,4.969,4.969
debate3,C,fact_04,2,4.0,-1.0,1.337,1.337,1.9569999999999999,0.05,-1.06685,3.90215
debate3,C,fact_04,3,4.0,0.0,1.881,1.881,3.838,0.05,-0.09405000000000001,3.8081
debate3,C,fact_04,1,5.0,5.0,0.62,0.62,0.62,0.1,4.938,4.938
debate3,C,fact_04,2,4.0,-1.0,1.337,1.337,1.9569999999999999,0.1,-1.1337,3.8043
debate3,C,fact_04,3,4.0,0.0,1.881,1.881,3.838,0.1,-0.18810000000000002,3.6162
debate3,C,fact_04,1,5.0,5.0,0.62,0.62,0.62,0.2,4.876,4.876
debate3,C,fact_04,2,4.0,-1.0,1.337,1.337,1.9569999999999999,0.2,-1.2674,3.6086
debate3,C,fact_04,3,4.0,0.0,1.881,1.881,3.838,0.2,-0.37620000000000003,3.2324
debate3,C,fact_04,1,5.0,5.0,0.62,0.62,0.62,0.5,4.69,4.69
debate3,C,fact_04,2,4.0,-1.0,1.337,1.337,1.9569999999999999,0.5,-1.6684999999999999,3.0215
debate3,C,fact_04,3,4.0,0.0,1.881,1.881,3.838,0.5,-0.9405,2.081
debate3,C,fact_05,1,4.0,4.0,1.504,1.504,1.504,0.0,4.0,4.0
debate3,C,fact_05,2,4.0,0.0,3.072,3.072,4.5760000000000005,0.0,0.0,4.0
debate3,C,fact_05,3,4.0,0.0,3.922,3.922,8.498000000000001,0.0,0.0,4.0
debate3,C,fact_05,1,4.0,4.0,1.504,1.504,1.504,0.05,3.9248,3.9248
debate3,C,fact_05,2,4.0,0.0,3.072,3.072,4.5760000000000005,0.05,-0.15360000000000001,3.7712
debate3,C,fact_05,3,4.0,0.0,3.922,3.922,8.498000000000001,0.05,-0.19610000000000002,3.5751
debate3,C,fact_05,1,4.0,4.0,1.504,1.504,1.504,0.1,3.8496,3.8496
debate3,C,fact_05,2,4.0,0.0,3.072,3.072,4.5760000000000005,0.1,-0.30720000000000003,3.5423999999999998
debate3,C,fact_05,3,4.0,0.0,3.922,3.922,8.498000000000001,0.1,-0.39220000000000005,3.1502
debate3,C,fact_05,1,4.0,4.0,1.504,1.504,1.504,0.2,3.6992,3.6992
debate3,C,fact_05,2,4.0,0.0,3.072,3.072,4.5760000000000005,0.2,-0.6144000000000001,3.0848
debate3,C,fact_05,3,4.0,0.0,3.922,3.922,8.498000000000001,0.2,-0.7844000000000001,2.3004
debate3,C,fact_05,1,4.0,4.0,1.504,1.504,1.504,0.5,3.248,3.248
debate3,C,fact_05,2,4.0,0.0,3.072,3.072,4.5760000000000005,0.5,-1.536,1.7119999999999997
debate3,C,fact_05,3,4.0,0.0,3.922,3.922,8.498000000000001,0.5,-1.961,-0.24900000000000055
debate3,C,tech_01,1,3.0,3.0,6.13,6.13,6.13,0.0,3.0,3.0
debate3,C,tech_01,2,3.0,0.0,2.806,2.806,8.936,0.0,0.0,3.0
debate3,C,tech_01,3,4.0,1.0,1.014,1.014,9.95,0.0,1.0,4.0
debate3,C,tech_01,1,3.0,3.0,6.13,6.13,6.13,0.05,2.6935000000000002,2.6935000000000002
debate3,C,tech_01,2,3.0,0.0,2.806,2.806,8.936,0.05,-0.1403,2.5532
debate3,C,tech_01,3,4.0,1.0,1.014,1.014,9.95,0.05,0.9493,3.5025
debate3,C,tech_01,1,3.0,3.0,6.13,6.13,6.13,0.1,2.387,2.387
debate3,C,tech_01,2,3.0,0.0,2.806,2.806,8.936,0.1,-0.2806,2.1064
debate3,C,tech_01,3,4.0,1.0,1.014,1.014,9.95,0.1,0.8986,3.005
debate3,C,tech_01,1,3.0,3.0,6.13,6.13,6.13,0.2,1.774,1.774
debate3,C,tech_01,2,3.0,0.0,2.806,2.806,8.936,0.2,-0.5612,1.2127999999999999
debate3,C,tech_01,3,4.0,1.0,1.014,1.014,9.95,0.2,0.7972,2.01
debate3,C,tech_01,1,3.0,3.0,6.13,6.13,6.13,0.5,-0.06499999999999995,-0.06499999999999995
debate3,C,tech_01,2,3.0,0.0,2.806,2.806,8.936,0.5,-1.403,-1.468
debate3,C,tech_01,3,4.0,1.0,1.014,1.014,9.95,0.5,0.493,-0.9749999999999996
debate3,C,tech_02,1,4.0,4.0,3.795,3.795,3.795,0.0,4.0,4.0
debate3,C,tech_02,2,4.0,0.0,6.43,6.43,10.225,0.0,0.0,4.0
debate3,C,tech_02,3,4.0,0.0,0.977,0.977,11.202,0.0,0.0,4.0
debate3,C,tech_02,1,4.0,4.0,3.795,3.795,3.795,0.05,3.81025,3.81025
debate3,C,tech_02,2,4.0,0.0,6.43,6.43,10.225,0.05,-0.3215,3.48875
debate3,C,tech_02,3,4.0,0.0,0.977,0.977,11.202,0.05,-0.048850000000000005,3.4398999999999997
debate3,C,tech_02,1,4.0,4.0,3.795,3.795,3.795,0.1,3.6205,3.6205
debate3,C,tech_02,2,4.0,0.0,6.43,6.43,10.225,0.1,-0.643,2.9775
debate3,C,tech_02,3,4.0,0.0,0.977,0.977,11.202,0.1,-0.09770000000000001,2.8798
debate3,C,tech_02,1,4.0,4.0,3.795,3.795,3.795,0.2,3.241,3.241
debate3,C,tech_02,2,4.0,0.0,6.43,6.43,10.225,0.2,-1.286,1.955
debate3,C,tech_02,3,4.0,0.0,0.977,0.977,11.202,0.2,-0.19540000000000002,1.7595999999999998
debate3,C,tech_02,1,4.0,4.0,3.795,3.795,3.795,0.5,2.1025,2.1025
debate3,C,tech_02,2,4.0,0.0,6.43,6.43,10.225,0.5,-3.215,-1.1124999999999998
debate3,C,tech_02,3,4.0,0.0,0.977,0.977,11.202,0.5,-0.4885,-1.601
debate3,C,tech_03,1,3.0,3.0,2.185,2.185,2.185,0.0,3.0,3.0
debate3,C,tech_03,2,2.0,-1.0,3.782,3.782,5.9670000000000005,0.0,-1.0,2.0
debate3,C,tech_03,3,2.0,0.0,4.486,4.486,10.453,0.0,0.0,2.0
debate3,C,tech_03,1,3.0,3.0,2.185,2.185,2.185,0.05,2.89075,2.89075
debate3,C,tech_03,2,2.0,-1.0,3.782,3.782,5.9670000000000005,0.05,-1.1891,1.7016499999999999
debate3,C,tech_03,3,2.0,0.0,4.486,4.486,10.453,0.05,-0.2243,1.47735
debate3,C,tech_03,1,3.0,3.0,2.185,2.185,2.185,0.1,2.7815,2.7815
debate3,C,tech_03,2,2.0,-1.0,3.782,3.782,5.9670000000000005,0.1,-1.3782,1.4032999999999998
debate3,C,tech_03,3,2.0,0.0,4.486,4.486,10.453,0.1,-0.4486,0.9547000000000001
debate3,C,tech_03,1,3.0,3.0,2.185,2.185,2.185,0.2,2.5629999999999997,2.5629999999999997
debate3,C,tech_03,2,2.0,-1.0,3.782,3.782,5.9670000000000005,0.2,-1.7564000000000002,0.8065999999999998
debate3,C,tech_03,3,2.0,0.0,4.486,4.486,10.453,0.2,-0.8972,-0.09059999999999979
debate3,C,tech_03,1,3.0,3.0,2.185,2.185,2.185,0.5,1.9075,1.9075
debate3,C,tech_03,2,2.0,-1.0,3.782,3.782,5.9670000000000005,0.5,-2.891,-0.9835000000000003
debate3,C,tech_03,3,2.0,0.0,4.486,4.486,10.453,0.5,-2.243,-3.2264999999999997
debate3,C,tech_04,1,3.0,3.0,2.881,2.881,2.881,0.0,3.0,3.0
debate3,C,tech_04,2,3.0,0.0,4.605,4.605,7.486000000000001,0.0,0.0,3.0
debate3,C,tech_04,3,2.0,-1.0,0.965,0.965,8.451,0.0,-1.0,2.0
debate3,C,tech_04,1,3.0,3.0,2.881,2.881,2.881,0.05,2.85595,2.85595
debate3,C,tech_04,2,3.0,0.0,4.605,4.605,7.486000000000001,0.05,-0.23025000000000004,2.6257
debate3,C,tech_04,3,2.0,-1.0,0.965,0.965,8.451,0.05,-1.04825,1.57745
debate3,C,tech_04,1,3.0,3.0,2.881,2.881,2.881,0.1,2.7119,2.7119
debate3,C,tech_04,2,3.0,0.0,4.605,4.605,7.486000000000001,0.1,-0.4605000000000001,2.2514
debate3,C,tech_04,3,2.0,-1.0,0.965,0.965,8.451,0.1,-1.0965,1.1549
debate3,C,tech_04,1,3.0,3.0,2.881,2.881,2.881,0.2,2.4238,2.4238
debate3,C,tech_04,2,3.0,0.0,4.605,4.605,7.486000000000001,0.2,-0.9210000000000002,1.5027999999999997
debate3,C,tech_04,3,2.0,-1.0,0.965,0.965,8.451,0.2,-1.193,0.30979999999999985
debate3,C,tech_04,1,3.0,3.0,2.881,2.881,2.881,0.5,1.5595,1.5595
debate3,C,tech_04,2,3.0,0.0,4.605,4.605,7.486000000000001,0.5,-2.3025,-0.7430000000000003
debate3,C,tech_04,3,2.0,-1.0,0.965,0.965,8.451,0.5,-1.4825,-2.2255000000000003
debate3,C,tech_05,1,3.0,3.0,8.246,8.246,8.246,0.0,3.0,3.0
debate3,C,tech_05,2,2.0,-1.0,3.35,3.35,11.596,0.0,-1.0,2.0
debate3,C,tech_05,3,2.0,0.0,1.48,1.48,13.076,0.0,0.0,2.0
debate3,C,tech_05,1,3.0,3.0,8.246,8.246,8.246,0.05,2.5877,2.5877
debate3,C,tech_05,2,2.0,-1.0,3.35,3.35,11.596,0.05,-1.1675,1.4202
debate3,C,tech_05,3,2.0,0.0,1.48,1.48,13.076,0.05,-0.074,1.3462
debate3,C,tech_05,1,3.0,3.0,8.246,8.246,8.246,0.1,2.1754,2.1754
debate3,C,tech_05,2,2.0,-1.0,3.35,3.35,11.596,0.1,-1.335,0.8404
debate3,C,tech_05,3,2.0,0.0,1.48,1.48,13.076,0.1,-0.148,0.6923999999999999
debate3,C,tech_05,1,3.0,3.0,8.246,8.246,8.246,0.2,1.3507999999999998,1.3507999999999998
debate3,C,tech_05,2,2.0,-1.0,3.35,3.35,11.596,0.2,-1.67,-0.31919999999999993
debate3,C,tech_05,3,2.0,0.0,1.48,1.48,13.076,0.2,-0.296,-0.6152000000000002
debate3,C,tech_05,1,3.0,3.0,8.246,8.246,8.246,0.5,-1.1230000000000002,-1.1230000000000002
debate3,C,tech_05,2,2.0,-1.0,3.35,3.35,11.596,0.5,-2.675,-3.798
debate3,C,tech_05,3,2.0,0.0,1.48,1.48,13.076,0.5,-0.74,-4.538
refl2,C,anal_01,1,4.0,4.0,1.029,1.029,1.029,0.0,4.0,4.0
refl2,C,anal_01,2,5.0,1.0,1.868,1.868,2.8970000000000002,0.0,1.0,5.0
refl2,C,anal_01,1,4.0,4.0,1.029,1.029,1.029,0.05,3.94855,3.94855
refl2,C,anal_01,2,5.0,1.0,1.868,1.868,2.8970000000000002,0.05,0.9066,4.85515
refl2,C,anal_01,1,4.0,4.0,1.029,1.029,1.029,0.1,3.8971,3.8971
refl2,C,anal_01,2,5.0,1.0,1.868,1.868,2.8970000000000002,0.1,0.8131999999999999,4.7103
refl2,C,anal_01,1,4.0,4.0,1.029,1.029,1.029,0.2,3.7942,3.7942
refl2,C,anal_01,2,5.0,1.0,1.868,1.868,2.8970000000000002,0.2,0.6264,4.4206
refl2,C,anal_01,1,4.0,4.0,1.029,1.029,1.029,0.5,3.4855,3.4855
refl2,C,anal_01,2,5.0,1.0,1.868,1.868,2.8970000000000002,0.5,0.06599999999999995,3.5515
refl2,C,anal_02,1,4.0,4.0,0.901,0.901,0.901,0.0,4.0,4.0
refl2,C,anal_02,2,5.0,1.0,2.075,2.075,2.976,0.0,1.0,5.0
refl2,C,anal_02,1,4.0,4.0,0.901,0.901,0.901,0.05,3.95495,3.95495
refl2,C,anal_02,2,5.0,1.0,2.075,2.075,2.976,0.05,0.89625,4.8512
refl2,C,anal_02,1,4.0,4.0,0.901,0.901,0.901,0.1,3.9099,3.9099
refl2,C,anal_02,2,5.0,1.0,2.075,2.075,2.976,0.1,0.7925,4.7024
refl2,C,anal_02,1,4.0,4.0,0.901,0.901,0.901,0.2,3.8198,3.8198
refl2,C,anal_02,2,5.0,1.0,2.075,2.075,2.976,0.2,0.585,4.4048
refl2,C,anal_02,1,4.0,4.0,0.901,0.901,0.901,0.5,3.5495,3.5495
refl2,C,anal_02,2,5.0,1.0,2.075,2.075,2.976,0.5,-0.03750000000000009,3.512
refl2,C,anal_03,1,4.0,4.0,0.897,0.897,0.897,0.0,4.0,4.0
refl2,C,anal_03,2,5.0,1.0,1.637,1.637,2.534,0.0,1.0,5.0
refl2,C,anal_03,1,4.0,4.0,0.897,0.897,0.897,0.05,3.95515,3.95515
refl2,C,anal_03,2,5.0,1.0,1.637,1.637,2.534,0.05,0.91815,4.8733
refl2,C,anal_03,1,4.0,4.0,0.897,0.897,0.897,0.1,3.9103,3.9103
refl2,C,anal_03,2,5.0,1.0,1.637,1.637,2.534,0.1,0.8363,4.7466
refl2,C,anal_03,1,4.0,4.0,0.897,0.897,0.897,0.2,3.8205999999999998,3.8205999999999998
refl2,C,anal_03,2,5.0,1.0,1.637,1.637,2.534,0.2,0.6726,4.4932
refl2,C,anal_03,1,4.0,4.0,0.897,0.897,0.897,0.5,3.5515,3.5515
refl2,C,anal_03,2,5.0,1.0,1.637,1.637,2.534,0.5,0.1815,3.733
refl2,C,anal_04,1,4.0,4.0,1.548,1.548,1.548,0.0,4.0,4.0
refl2,C,anal_04,2,4.0,0.0,2.36,2.36,3.908,0.0,0.0,4.0
refl2,C,anal_04,1,4.0,4.0,1.548,1.548,1.548,0.05,3.9226,3.9226
refl2,C,anal_04,2,4.0,0.0,2.36,2.36,3.908,0.05,-0.118,3.8045999999999998
refl2,C,anal_04,1,4.0,4.0,1.548,1.548,1.548,0.1,3.8452,3.8452
refl2,C,anal_04,2,4.0,0.0,2.36,2.36,3.908,0.1,-0.236,3.6092
refl2,C,anal_04,1,4.0,4.0,1.548,1.548,1.548,0.2,3.6904,3.6904
refl2,C,anal_04,2,4.0,0.0,2.36,2.36,3.908,0.2,-0.472,3.2184
refl2,C,anal_04,1,4.0,4.0,1.548,1.548,1.548,0.5,3.226,3.226
refl2,C,anal_04,2,4.0,0.0,2.36,2.36,3.908,0.5,-1.18,2.0460000000000003
refl2,C,anal_05,1,4.0,4.0,1.623,1.623,1.623,0.0,4.0,4.0
refl2,C,anal_05,2,5.0,1.0,2.196,2.196,3.819,0.0,1.0,5.0
refl2,C,anal_05,1,4.0,4.0,1.623,1.623,1.623,0.05,3.91885,3.91885
refl2,C,anal_05,2,5.0,1.0,2.196,2.196,3.819,0.05,0.8902,4.80905
refl2,C,anal_05,1,4.0,4.0,1.623,1.623,1.623,0.1,3.8377,3.8377
refl2,C,anal_05,2,5.0,1.0,2.196,2.196,3.819,0.1,0.7804,4.6181
refl2,C,anal_05,1,4.0,4.0,1.623,1.623,1.623,0.2,3.6754,3.6754
refl2,C,anal_05,2,5.0,1.0,2.196,2.196,3.819,0.2,0.5608,4.2362
refl2,C,anal_05,1,4.0,4.0,1.623,1.623,1.623,0.5,3.1885,3.1885
refl2,C,anal_05,2,5.0,1.0,2.196,2.196,3.819,0.5,-0.09800000000000009,3.0905
refl2,C,crea_01,1,4.0,4.0,1.535,1.535,1.535,0.0,4.0,4.0
refl2,C,crea_01,2,4.0,0.0,3.108,3.108,4.643,0.0,0.0,4.0
refl2,C,crea_01,3,4.0,0.0,20.156,20.156,24.799,0.0,0.0,4.0
refl2,C,crea_01,4,4.0,0.0,6.642,6.642,31.441,0.0,0.0,4.0
refl2,C,crea_01,5,4.0,0.0,17.179,17.179,48.62,0.0,0.0,4.0
refl2,C,crea_01,6,4.0,0.0,5.795,5.795,54.415,0.0,0.0,4.0
refl2,C,crea_01,1,4.0,4.0,1.535,1.535,1.535,0.05,3.92325,3.92325
refl2,C,crea_01,2,4.0,0.0,3.108,3.108,4.643,0.05,-0.1554,3.76785
refl2,C,crea_01,3,4.0,0.0,20.156,20.156,24.799,0.05,-1.0078,2.7600499999999997
refl2,C,crea_01,4,4.0,0.0,6.642,6.642,31.441,0.05,-0.33210000000000006,2.42795
refl2,C,crea_01,5,4.0,0.0,17.179,17.179,48.62,0.05,-0.85895,1.569
refl2,C,crea_01,6,4.0,0.0,5.795,5.795,54.415,0.05,-0.28975,1.2792499999999998
refl2,C,crea_01,1,4.0,4.0,1.535,1.535,1.535,0.1,3.8465,3.8465
refl2,C,crea_01,2,4.0,0.0,3.108,3.108,4.643,0.1,-0.3108,3.5357
refl2,C,crea_01,3,4.0,0.0,20.156,20.156,24.799,0.1,-2.0156,1.5200999999999998
refl2,C,crea_01,4,4.0,0.0,6.642,6.642,31.441,0.1,-0.6642000000000001,0.8559000000000001
refl2,C,crea_01,5,4.0,0.0,17.179,17.179,48.62,0.1,-1.7179,-0.8620000000000001
refl2,C,crea_01,6,4.0,0.0,5.795,5.795,54.415,0.1,-0.5795,-1.4415000000000004
refl2,C,crea_01,1,4.0,4.0,1.535,1.535,1.535,0.2,3.693,3.693
refl2,C,crea_01,2,4.0,0.0,3.108,3.108,4.643,0.2,-0.6216,3.0714
refl2,C,crea_01,3,4.0,0.0,20.156,20.156,24.799,0.2,-4.0312,-0.9598000000000004
refl2,C,crea_01,4,4.0,0.0,6.642,6.642,31.441,0.2,-1.3284000000000002,-2.2882
refl2,C,crea_01,5,4.0,0.0,17.179,17.179,48.62,0.2,-3.4358,-5.724
refl2,C,crea_01,6,4.0,0.0,5.795,5.795,54.415,0.2,-1.159,-6.883000000000001
refl2,C,crea_01,1,4.0,4.0,1.535,1.535,1.535,0.5,3.2325,3.2325
refl2,C,crea_01,2,4.0,0.0,3.108,3.108,4.643,0.5,-1.554,1.6785
refl2,C,crea_01,3,4.0,0.0,20.156,20.156,24.799,0.5,-10.078,-8.3995
refl2,C,crea_01,4,4.0,0.0,6.642,6.642,31.441,0.5,-3.321,-11.7205
refl2,C,crea_01,5,4.0,0.0,17.179,17.179,48.62,0.5,-8.5895,-20.31
refl2,C,crea_01,6,4.0,0.0,5.795,5.795,54.415,0.5,-2.8975,-23.2075
refl2,C,crea_02,1,4.0,4.0,0.639,0.639,0.639,0.0,4.0,4.0
refl2,C,crea_02,2,5.0,1.0,1.445,1.445,2.084,0.0,1.0,5.0
refl2,C,crea_02,1,4.0,4.0,0.639,0.639,0.639,0.05,3.96805,3.96805
refl2,C,crea_02,2,5.0,1.0,1.445,1.445,2.084,0.05,0.92775,4.8958
refl2,C,crea_02,1,4.0,4.0,0.639,0.639,0.639,0.1,3.9361,3.9361
refl2,C,crea_02,2,5.0,1.0,1.445,1.445,2.084,0.1,0.8554999999999999,4.7916
refl2,C,crea_02,1,4.0,4.0,0.639,0.639,0.639,0.2,3.8722,3.8722
refl2,C,crea_02,2,5.0,1.0,1.445,1.445,2.084,0.2,0.711,4.5832
refl2,C,crea_02,1,4.0,4.0,0.639,0.639,0.639,0.5,3.6805,3.6805
refl2,C,crea_02,2,5.0,1.0,1.445,1.445,2.084,0.5,0.27749999999999997,3.958
refl2,C,crea_03,1,4.0,4.0,1.689,1.689,1.689,0.0,4.0,4.0
refl2,C,crea_03,2,5.0,1.0,2.568,2.568,4.257,0.0,1.0,5.0
refl2,C,crea_03,1,4.0,4.0,1.689,1.689,1.689,0.05,3.91555,3.91555
refl2,C,crea_03,2,5.0,1.0,2.568,2.568,4.257,0.05,0.8715999999999999,4.7871500000000005
refl2,C,crea_03,1,4.0,4.0,1.689,1.689,1.689,0.1,3.8311,3.8311
refl2,C,crea_03,2,5.0,1.0,2.568,2.568,4.257,0.1,0.7432,4.5743
refl2,C,crea_03,1,4.0,4.0,1.689,1.689,1.689,0.2,3.6622,3.6622
refl2,C,crea_03,2,5.0,1.0,2.568,2.568,4.257,0.2,0.48639999999999994,4.1486
refl2,C,crea_03,1,4.0,4.0,1.689,1.689,1.689,0.5,3.1555,3.1555
refl2,C,crea_03,2,5.0,1.0,2.568,2.568,4.257,0.5,-0.28400000000000003,2.8715
refl2,C,crea_04,1,4.0,4.0,1.578,1.578,1.578,0.0,4.0,4.0
refl2,C,crea_04,2,4.0,0.0,3.243,3.243,4.821,0.0,0.0,4.0
refl2,C,crea_04,1,4.0,4.0,1.578,1.578,1.578,0.05,3.9211,3.9211
refl2,C,crea_04,2,4.0,0.0,3.243,3.243,4.821,0.05,-0.16215000000000002,3.75895
refl2,C,crea_04,1,4.0,4.0,1.578,1.578,1.578,0.1,3.8422,3.8422
refl2,C,crea_04,2,4.0,0.0,3.243,3.243,4.821,0.1,-0.32430000000000003,3.5179
refl2,C,crea_04,1,4.0,4.0,1.578,1.578,1.578,0.2,3.6844,3.6844
refl2,C,crea_04,2,4.0,0.0,3.243,3.243,4.821,0.2,-0.6486000000000001,3.0358
refl2,C,crea_04,1,4.0,4.0,1.578,1.578,1.578,0.5,3.211,3.211
refl2,C,crea_04,2,4.0,0.0,3.243,3.243,4.821,0.5,-1.6215,1.5895000000000001
refl2,C,crea_05,1,5.0,5.0,0.594,0.594,0.594,0.0,5.0,5.0
refl2,C,crea_05,2,5.0,0.0,1.294,1.294,1.888,0.0,0.0,5.0
refl2,C,crea_05,1,5.0,5.0,0.594,0.594,0.594,0.05,4.9703,4.9703
refl2,C,crea_05,2,5.0,0.0,1.294,1.294,1.888,0.05,-0.06470000000000001,4.9056
refl2,C,crea_05,1,5.0,5.0,0.594,0.594,0.594,0.1,4.9406,4.9406
refl2,C,crea_05,2,5.0,0.0,1.294,1.294,1.888,0.1,-0.12940000000000002,4.8112
refl2,C,crea_05,1,5.0,5.0,0.594,0.594,0.594,0.2,4.8812,4.8812
refl2,C,crea_05,2,5.0,0.0,1.294,1.294,1.888,0.2,-0.25880000000000003,4.6224
refl2,C,crea_05,1,5.0,5.0,0.594,0.594,0.594,0.5,4.703,4.703
refl2,C,crea_05,2,5.0,0.0,1.294,1.294,1.888,0.5,-0.647,4.056
refl2,C,fact_01,1,4.0,4.0,0.83,0.83,0.83,0.0,4.0,4.0
refl2,C,fact_01,2,5.0,1.0,1.445,1.445,2.275,0.0,1.0,5.0
refl2,C,fact_01,1,4.0,4.0,0.83,0.83,0.83,0.05,3.9585,3.9585
refl2,C,fact_01,2,5.0,1.0,1.445,1.445,2.275,0.05,0.92775,4.88625
refl2,C,fact_01,1,4.0,4.0,0.83,0.83,0.83,0.1,3.917,3.917
refl2,C,fact_01,2,5.0,1.0,1.445,1.445,2.275,0.1,0.8554999999999999,4.7725
refl2,C,fact_01,1,4.0,4.0,0.83,0.83,0.83,0.2,3.834,3.834
refl2,C,fact_01,2,5.0,1.0,1.445,1.445,2.275,0.2,0.711,4.545
refl2,C,fact_01,1,4.0,4.0,0.83,0.83,0.83,0.5,3.585,3.585
refl2,C,fact_01,2,5.0,1.0,1.445,1.445,2.275,0.5,0.27749999999999997,3.8625
refl2,C,fact_02,1,4.0,4.0,0.691,0.691,0.691,0.0,4.0,4.0
refl2,C,fact_02,2,5.0,1.0,1.426,1.426,2.117,0.0,1.0,5.0
refl2,C,fact_02,1,4.0,4.0,0.691,0.691,0.691,0.05,3.96545,3.96545
refl2,C,fact_02,2,5.0,1.0,1.426,1.426,2.117,0.05,0.9287,4.89415
refl2,C,fact_02,1,4.0,4.0,0.691,0.691,0.691,0.1,3.9309,3.9309
refl2,C,fact_02,2,5.0,1.0,1.426,1.426,2.117,0.1,0.8573999999999999,4.7883
refl2,C,fact_02,1,4.0,4.0,0.691,0.691,0.691,0.2,3.8618,3.8618
refl2,C,fact_02,2,5.0,1.0,1.426,1.426,2.117,0.2,0.7148,4.5766
refl2,C,fact_02,1,4.0,4.0,0.691,0.691,0.691,0.5,3.6545,3.6545
refl2,C,fact_02,2,5.0,1.0,1.426,1.426,2.117,0.5,0.28700000000000003,3.9415
refl2,C,fact_03,1,4.0,4.0,1.508,1.508,1.508,0.0,4.0,4.0
refl2,C,fact_03,2,4.0,0.0,2.525,2.525,4.0329999999999995,0.0,0.0,4.0
refl2,C,fact_03,3,4.0,0.0,5.233,5.233,9.265999999999998,0.0,0.0,4.0
refl2,C,fact_03,4,4.0,0.0,1.311,1.311,10.576999999999998,0.0,0.0,4.0
refl2,C,fact_03,1,4.0,4.0,1.508,1.508,1.508,0.05,3.9246,3.9246
refl2,C,fact_03,2,4.0,0.0,2.525,2.525,4.0329999999999995,0.05,-0.12625,3.79835
refl2,C,fact_03,3,4.0,0.0,5.233,5.233,9.265999999999998,0.05,-0.26165,3.5367
refl2,C,fact_03,4,4.0,0.0,1.311,1.311,10.576999999999998,0.05,-0.06555,3.47115
refl2,C,fact_03,1,4.0,4.0,1.508,1.508,1.508,0.1,3.8492,3.8492
refl2,C,fact_03,2,4.0,0.0,2.525,2.525,4.0329999999999995,0.1,-0.2525,3.5967000000000002
refl2,C,fact_03,3,4.0,0.0,5.233,5.233,9.265999999999998,0.1,-0.5233,3.0734000000000004
refl2,C,fact_03,4,4.0,0.0,1.311,1.311,10.576999999999998,0.1,-0.1311,2.9423000000000004
refl2,C,fact_03,1,4.0,4.0,1.508,1.508,1.508,0.2,3.6984,3.6984
refl2,C,fact_03,2,4.0,0.0,2.525,2.525,4.0329999999999995,0.2,-0.505,3.1934
refl2,C,fact_03,3,4.0,0.0,5.233,5.233,9.265999999999998,0.2,-1.0466,2.1468000000000003
refl2,C,fact_03,4,4.0,0.0,1.311,1.311,10.576999999999998,0.2,-0.2622,1.8846000000000003
refl2,C,fact_03,1,4.0,4.0,1.508,1.508,1.508,0.5,3.246,3.246
refl2,C,fact_03,2,4.0,0.0,2.525,2.525,4.0329999999999995,0.5,-1.2625,1.9835000000000003
refl2,C,fact_03,3,4.0,0.0,5.233,5.233,9.265999999999998,0.5,-2.6165,-0.6329999999999991
refl2,C,fact_03,4,4.0,0.0,1.311,1.311,10.576999999999998,0.5,-0.6555,-1.288499999999999
refl2,C,fact_04,1,5.0,5.0,0.859,0.859,0.859,0.0,5.0,5.0
refl2,C,fact_04,2,5.0,0.0,1.669,1.669,2.528,0.0,0.0,5.0
refl2,C,fact_04,1,5.0,5.0,0.859,0.859,0.859,0.05,4.95705,4.95705
refl2,C,fact_04,2,5.0,0.0,1.669,1.669,2.528,0.05,-0.08345000000000001,4.8736
refl2,C,fact_04,1,5.0,5.0,0.859,0.859,0.859,0.1,4.9141,4.9141
refl2,C,fact_04,2,5.0,0.0,1.669,1.669,2.528,0.1,-0.16690000000000002,4.7472
refl2,C,fact_04,1,5.0,5.0,0.859,0.859,0.859,0.2,4.8282,4.8282
refl2,C,fact_04,2,5.0,0.0,1.669,1.669,2.528,0.2,-0.33380000000000004,4.4944
refl2,C,fact_04,1,5.0,5.0,0.859,0.859,0.859,0.5,4.5705,4.5705
refl2,C,fact_04,2,5.0,0.0,1.669,1.669,2.528,0.5,-0.8345,3.7359999999999998
refl2,C,fact_05,1,4.0,4.0,1.607,1.607,1.607,0.0,4.0,4.0
refl2,C,fact_05,2,5.0,1.0,2.101,2.101,3.708,0.0,1.0,5.0
refl2,C,fact_05,1,4.0,4.0,1.607,1.607,1.607,0.05,3.91965,3.91965
refl2,C,fact_05,2,5.0,1.0,2.101,2.101,3.708,0.05,0.89495,4.8146
refl2,C,fact_05,1,4.0,4.0,1.607,1.607,1.607,0.1,3.8393,3.8393
refl2,C,fact_05,2,5.0,1.0,2.101,2.101,3.708,0.1,0.7899,4.6292
refl2,C,fact_05,1,4.0,4.0,1.607,1.607,1.607,0.2,3.6786,3.6786
refl2,C,fact_05,2,5.0,1.0,2.101,2.101,3.708,0.2,0.5798,4.2584
refl2,C,fact_05,1,4.0,4.0,1.607,1.607,1.607,0.5,3.1965,3.1965
refl2,C,fact_05,2,5.0,1.0,2.101,2.101,3.708,0.5,-0.05049999999999999,3.146
refl2,C,tech_01,1,3.0,3.0,6.575,6.575,6.575,0.0,3.0,3.0
refl2,C,tech_01,2,5.0,2.0,2.077,2.077,8.652000000000001,0.0,2.0,5.0
refl2,C,tech_01,1,3.0,3.0,6.575,6.575,6.575,0.05,2.67125,2.67125
refl2,C,tech_01,2,5.0,2.0,2.077,2.077,8.652000000000001,0.05,1.89615,4.5674
refl2,C,tech_01,1,3.0,3.0,6.575,6.575,6.575,0.1,2.3425,2.3425
refl2,C,tech_01,2,5.0,2.0,2.077,2.077,8.652000000000001,0.1,1.7923,4.1348
refl2,C,tech_01,1,3.0,3.0,6.575,6.575,6.575,0.2,1.6849999999999998,1.6849999999999998
refl2,C,tech_01,2,5.0,2.0,2.077,2.077,8.652000000000001,0.2,1.5846,3.2695999999999996
refl2,C,tech_01,1,3.0,3.0,6.575,6.575,6.575,0.5,-0.2875000000000001,-0.2875000000000001
refl2,C,tech_01,2,5.0,2.0,2.077,2.077,8.652000000000001,0.5,0.9615,0.6739999999999995
refl2,C,tech_02,1,3.0,3.0,6.167,6.167,6.167,0.0,3.0,3.0
refl2,C,tech_02,2,5.0,2.0,1.157,1.157,7.324,0.0,2.0,5.0
refl2,C,tech_02,1,3.0,3.0,6.167,6.167,6.167,0.05,2.69165,2.69165
refl2,C,tech_02,2,5.0,2.0,1.157,1.157,7.324,0.05,1.94215,4.6338
refl2,C,tech_02,1,3.0,3.0,6.167,6.167,6.167,0.1,2.3833,2.3833
refl2,C,tech_02,2,5.0,2.0,1.157,1.157,7.324,0.1,1.8843,4.2676
refl2,C,tech_02,1,3.0,3.0,6.167,6.167,6.167,0.2,1.7666,1.7666
refl2,C,tech_02,2,5.0,2.0,1.157,1.157,7.324,0.2,1.7686,3.5351999999999997
refl2,C,tech_02,1,3.0,3.0,6.167,6.167,6.167,0.5,-0.08349999999999991,-0.08349999999999991
refl2,C,tech_02,2,5.0,2.0,1.157,1.157,7.324,0.5,1.4215,1.338
refl2,C,tech_03,1,4.0,4.0,2.745,2.745,2.745,0.0,4.0,4.0
refl2,C,tech_03,2,5.0,1.0,4.253,4.253,6.998,0.0,1.0,5.0
refl2,C,tech_03,1,4.0,4.0,2.745,2.745,2.745,0.05,3.86275,3.86275
refl2,C,tech_03,2,5.0,1.0,4.253,4.253,6.998,0.05,0.78735,4.6501
refl2,C,tech_03,1,4.0,4.0,2.745,2.745,2.745,0.1,3.7255,3.7255
refl2,C,tech_03,2,5.0,1.0,4.253,4.253,6.998,0.1,0.5747,4.3002
refl2,C,tech_03,1,4.0,4.0,2.745,2.745,2.745,0.2,3.451,3.451
refl2,C,tech_03,2,5.0,1.0,4.253,4.253,6.998,0.2,0.14939999999999998,3.6003999999999996
refl2,C,tech_03,1,4.0,4.0,2.745,2.745,2.745,0.5,2.6275,2.6275
refl2,C,tech_03,2,5.0,1.0,4.253,4.253,6.998,0.5,-1.1265,1.501
refl2,C,tech_04,1,3.0,3.0,3.732,3.732,3.732,0.0,3.0,3.0
refl2,C,tech_04,2,5.0,2.0,4.536,4.536,8.268,0.0,2.0,5.0
refl2,C,tech_04,1,3.0,3.0,3.732,3.732,3.732,0.05,2.8134,2.8134
refl2,C,tech_04,2,5.0,2.0,4.536,4.536,8.268,0.05,1.7732,4.5866
refl2,C,tech_04,1,3.0,3.0,3.732,3.732,3.732,0.1,2.6268,2.6268
refl2,C,tech_04,2,5.0,2.0,4.536,4.536,8.268,0.1,1.5464,4.1732
refl2,C,tech_04,1,3.0,3.0,3.732,3.732,3.732,0.2,2.2536,2.2536
refl2,C,tech_04,2,5.0,2.0,4.536,4.536,8.268,0.2,1.0928,3.3464
refl2,C,tech_04,1,3.0,3.0,3.732,3.732,3.732,0.5,1.134,1.134
refl2,C,tech_04,2,5.0,2.0,4.536,4.536,8.268,0.5,-0.2679999999999998,0.8659999999999997
refl2,C,tech_05,1,3.0,3.0,7.027,7.027,7.027,0.0,3.0,3.0
refl2,C,tech_05,2,5.0,2.0,0.648,0.648,7.675,0.0,2.0,5.0
refl2,C,tech_05,1,3.0,3.0,7.027,7.027,7.027,0.05,2.64865,2.64865
refl2,C,tech_05,2,5.0,2.0,0.648,0.648,7.675,0.05,1.9676,4.61625
refl2,C,tech_05,1,3.0,3.0,7.027,7.027,7.027,0.1,2.2973,2.2973
refl2,C,tech_05,2,5.0,2.0,0.648,0.648,7.675,0.1,1.9352,4.2325
refl2,C,tech_05,1,3.0,3.0,7.027,7.027,7.027,0.2,1.5945999999999998,1.5945999999999998
refl2,C,tech_05,2,5.0,2.0,0.648,0.648,7.675,0.2,1.8704,3.465
refl2,C,tech_05,1,3.0,3.0,7.027,7.027,7.027,0.5,-0.5135000000000001,-0.5135000000000001
refl2,C,tech_05,2,5.0,2.0,0.648,0.648,7.675,0.5,1.676,1.1625
rr3,A,anal_01,1,4.0,4.0,1.442,1.442,1.442,0.0,4.0,4.0
rr3,A,anal_01,2,4.0,0.0,2.377,2.377,3.819,0.0,0.0,4.0
rr3,A,anal_01,3,4.0,0.0,3.1,3.1,6.9190000000000005,0.0,0.0,4.0
rr3,A,anal_01,1,4.0,4.0,1.442,1.442,1.442,0.05,3.9279,3.9279
rr3,A,anal_01,2,4.0,0.0,2.377,2.377,3.819,0.05,-0.11885,3.80905
rr3,A,anal_01,3,4.0,0.0,3.1,3.1,6.9190000000000005,0.05,-0.15500000000000003,3.65405
rr3,A,anal_01,1,4.0,4.0,1.442,1.442,1.442,0.1,3.8558,3.8558
rr3,A,anal_01,2,4.0,0.0,2.377,2.377,3.819,0.1,-0.2377,3.6181
rr3,A,anal_01,3,4.0,0.0,3.1,3.1,6.9190000000000005,0.1,-0.31000000000000005,3.3081
rr3,A,anal_01,1,4.0,4.0,1.442,1.442,1.442,0.2,3.7116,3.7116
rr3,A,anal_01,2,4.0,0.0,2.377,2.377,3.819,0.2,-0.4754,3.2362
rr3,A,anal_01,3,4.0,0.0,3.1,3.1,6.9190000000000005,0.2,-0.6200000000000001,2.6162
rr3,A,anal_01,1,4.0,4.0,1.442,1.442,1.442,0.5,3.279,3.279
rr3,A,anal_01,2,4.0,0.0,2.377,2.377,3.819,0.5,-1.1885,2.0905
rr3,A,anal_01,3,4.0,0.0,3.1,3.1,6.9190000000000005,0.5,-1.55,0.5404999999999998
rr3,A,anal_02,1,3.0,3.0,1.419,1.419,1.419,0.0,3.0,3.0
rr3,A,anal_02,2,4.0,1.0,3.453,3.453,4.872,0.0,1.0,4.0
rr3,A,anal_02,3,4.0,0.0,5.16,5.16,10.032,0.0,0.0,4.0
rr3,A,anal_02,4,4.0,0.0,7.478,7.478,17.509999999999998,0.0,0.0,4.0
rr3,A,anal_02,5,4.0,0.0,3.593,3.593,21.102999999999998,0.0,0.0,4.0
rr3,A,anal_02,6,4.0,0.0,1.322,1.322,22.424999999999997,0.0,0.0,4.0
rr3,A,anal_02,1,3.0,3.0,1.419,1.419,1.419,0.05,2.92905,2.92905
rr3,A,anal_02,2,4.0,1.0,3.453,3.453,4.872,0.05,0.82735,3.7564
rr3,A,anal_02,3,4.0,0.0,5.16,5.16,10.032,0.05,-0.258,3.4984
rr3,A,anal_02,4,4.0,0.0,7.478,7.478,17.509999999999998,0.05,-0.3739,3.1245000000000003
rr3,A,anal_02,5,4.0,0.0,3.593,3.593,21.102999999999998,0.05,-0.17965,2.9448499999999997
rr3,A,anal_02,6,4.0,0.0,1.322,1.322,22.424999999999997,0.05,-0.0661,2.87875
rr3,A,anal_02,1,3.0,3.0,1.419,1.419,1.419,0.1,2.8581,2.8581
rr3,A,anal_02,2,4.0,1.0,3.453,3.453,4.872,0.1,0.6547000000000001,3.5128
rr3,A,anal_02,3,4.0,0.0,5.16,5.16,10.032,0.1,-0.516,2.9968
rr3,A,anal_02,4,4.0,0.0,7.478,7.478,17.509999999999998,0.1,-0.7478,2.249
rr3,A,anal_02,5,4.0,0.0,3.593,3.593,21.102999999999998,0.1,-0.3593,1.8897
rr3,A,anal_02,6,4.0,0.0,1.322,1.322,22.424999999999997,0.1,-0.1322,1.7575000000000003
rr3,A,anal_02,1,3.0,3.0,1.419,1.419,1.419,0.2,2.7162,2.7162
rr3,A,anal_02,2,4.0,1.0,3.453,3.453,4.872,0.2,0.3094,3.0256
rr3,A,anal_02,3,4.0,0.0,5.16,5.16,10.032,0.2,-1.032,1.9935999999999998
rr3,A,anal_02,4,4.0,0.0,7.478,7.478,17.509999999999998,0.2,-1.4956,0.4980000000000002
rr3,A,anal_02,5,4.0,0.0,3.593,3.593,21.102999999999998,0.2,-0.7186,-0.22060000000000013
rr3,A,anal_02,6,4.0,0.0,1.322,1.322,22.424999999999997,0.2,-0.2644,-0.48499999999999943
rr3,A,anal_02,1,3.0,3.0,1.419,1.419,1.419,0.5,2.2904999999999998,2.2904999999999998
rr3,A,anal_02,2,4.0,1.0,3.453,3.453,4.872,0.5,-0.7264999999999999,1.564
rr3,A,anal_02,3,4.0,0.0,5.16,5.16,10.032,0.5,-2.58,-1.016
rr3,A,anal_02,4,4.0,0.0,7.478,7.478,17.509999999999998,0.5,-3.739,-4.754999999999999
rr3,A,anal_02,5,4.0,0.0,3.593,3.593,21.102999999999998,0.5,-1.7965,-6.551499999999999
rr3,A,anal_02,6,4.0,0.0,1.322,1.322,22.424999999999997,0.5,-0.661,-7.212499999999999
rr3,A,anal_03,1,3.0,3.0,1.369,1.369,1.369,0.0,3.0,3.0
rr3,A,anal_03,2,4.0,1.0,3.161,3.161,4.53,0.0,1.0,4.0
rr3,A,anal_03,3,4.0,0.0,4.108,4.108,8.638,0.0,0.0,4.0
rr3,A,anal_03,1,3.0,3.0,1.369,1.369,1.369,0.05,2.93155,2.93155
rr3,A,anal_03,2,4.0,1.0,3.161,3.161,4.53,0.05,0.84195,3.7735
rr3,A,anal_03,3,4.0,0.0,4.108,4.108,8.638,0.05,-0.2054,3.5681
rr3,A,anal_03,1,3.0,3.0,1.369,1.369,1.369,0.1,2.8631,2.8631
rr3,A,anal_03,2,4.0,1.0,3.161,3.161,4.53,0.1,0.6839,3.5469999999999997
rr3,A,anal_03,3,4.0,0.0,4.108,4.108,8.638,0.1,-0.4108,3.1362
rr3,A,anal_03,1,3.0,3.0,1.369,1.369,1.369,0.2,2.7262,2.7262
rr3,A,anal_03,2,4.0,1.0,3.161,3.161,4.53,0.2,0.3677999999999999,3.094
rr3,A,anal_03,3,4.0,0.0,4.108,4.108,8.638,0.2,-0.8216,2.2724
rr3,A,anal_03,1,3.0,3.0,1.369,1.369,1.369,0.5,2.3155,2.3155
rr3,A,anal_03,2,4.0,1.0,3.161,3.161,4.53,0.5,-0.5805,1.7349999999999999
rr3,A,anal_03,3,4.0,0.0,4.108,4.108,8.638,0.5,-2.054,-0.31899999999999995
rr3,A,anal_04,1,3.0,3.0,1.691,1.691,1.691,0.0,3.0,3.0
rr3,A,anal_04,2,4.0,1.0,5.56,5.56,7.2509999999999994,0.0,1.0,4.0
rr3,A,anal_04,3,4.0,0.0,2.221,2.221,9.472,0.0,0.0,4.0
rr3,A,anal_04,4,4.0,0.0,5.458,5.458,14.93,0.0,0.0,4.0
rr3,A,anal_04,5,4.0,0.0,10.864,10.864,25.794,0.0,0.0,4.0
rr3,A,anal_04,6,4.0,0.0,4.345,4.345,30.139,0.0,0.0,4.0
rr3,A,anal_04,1,3.0,3.0,1.691,1.691,1.691,0.05,2.91545,2.91545
rr3,A,anal_04,2,4.0,1.0,5.56,5.56,7.2509999999999994,0.05,0.722,3.63745
rr3,A,anal_04,3,4.0,0.0,2.221,2.221,9.472,0.05,-0.11105000000000001,3.5263999999999998
rr3,A,anal_04,4,4.0,0.0,5.458,5.458,14.93,0.05,-0.27290000000000003,3.2535
rr3,A,anal_04,5,4.0,0.0,10.864,10.864,25.794,0.05,-0.5432,2.7103
rr3,A,anal_04,6,4.0,0.0,4.345,4.345,30.139,0.05,-0.21725,2.49305
rr3,A,anal_04,1,3.0,3.0,1.691,1.691,1.691,0.1,2.8308999999999997,2.8308999999999997
rr3,A,anal_04,2,4.0,1.0,5.56,5.56,7.2509999999999994,0.1,0.44400000000000006,3.2749
rr3,A,anal_04,3,4.0,0.0,2.221,2.221,9.472,0.1,-0.22210000000000002,3.0528
rr3,A,anal_04,4,4.0,0.0,5.458,5.458,14.93,0.1,-0.5458000000000001,2.5069999999999997
rr3,A,anal_04,5,4.0,0.0,10.864,10.864,25.794,0.1,-1.0864,1.4205999999999999
rr3,A,anal_04,6,4.0,0.0,4.345,4.345,30.139,0.1,-0.4345,0.9861
rr3,A,anal_04,1,3.0,3.0,1.691,1.691,1.691,0.2,2.6618,2.6618
rr3,A,anal_04,2,4.0,1.0,5.56,5.56,7.2509999999999994,0.2,-0.11199999999999988,2.5498000000000003
rr3,A,anal_04,3,4.0,0.0,2.221,2.221,9.472,0.2,-0.44420000000000004,2.1056
rr3,A,anal_04,4,4.0,0.0,5.458,5.458,14.93,0.2,-1.0916000000000001,1.0139999999999998
rr3,A,anal_04,5,4.0,0.0,10.864,10.864,25.794,0.2,-2.1728,-1.1588000000000003
rr3,A,anal_04,6,4.0,0.0,4.345,4.345,30.139,0.2,-0.869,-2.0278
rr3,A,anal_04,1,3.0,3.0,1.691,1.691,1.691,0.5,2.1545,2.1545
rr3,A,anal_04,2,4.0,1.0,5.56,5.56,7.2509999999999994,0.5,-1.7799999999999998,0.3745000000000003
rr3,A,anal_04,3,4.0,0.0,2.221,2.221,9.472,0.5,-1.1105,-0.7359999999999998
rr3,A,anal_04,4,4.0,0.0,5.458,5.458,14.93,0.5,-2.729,-3.465
rr3,A,anal_04,5,4.0,0.0,10.864,10.864,25.794,0.5,-5.432,-8.897
rr3,A,anal_04,6,4.0,0.0,4.345,4.345,30.139,0.5,-2.1725,-11.0695
rr3,A,anal_05,1,4.0,4.0,1.57,1.57,1.57,0.0,4.0,4.0
rr3,A,anal_05,2,4.0,0.0,3.91,3.91,5.48,0.0,0.0,4.0
rr3,A,anal_05,3,4.0,0.0,4.672,4.672,10.152000000000001,0.0,0.0,4.0
rr3,A,anal_05,1,4.0,4.0,1.57,1.57,1.57,0.05,3.9215,3.9215
rr3,A,anal_05,2,4.0,0.0,3.91,3.91,5.48,0.05,-0.1955,3.726
rr3,A,anal_05,3,4.0,0.0,4.672,4.672,10.152000000000001,0.05,-0.2336,3.4924
rr3,A,anal_05,1,4.0,4.0,1.57,1.57,1.57,0.1,3.843,3.843
rr3,A,anal_05,2,4.0,0.0,3.91,3.91,5.48,0.1,-0.391,3.452
rr3,A,anal_05,3,4.0,0.0,4.672,4.672,10.152000000000001,0.1,-0.4672,2.9848
rr3,A,anal_05,1,4.0,4.0,1.57,1.57,1.57,0.2,3.686,3.686
rr3,A,anal_05,2,4.0,0.0,3.91,3.91,5.48,0.2,-0.782,2.904
rr3,A,anal_05,3,4.0,0.0,4.672,4.672,10.152000000000001,0.2,-0.9344,1.9695999999999998
rr3,A,anal_05,1,4.0,4.0,1.57,1.57,1.57,0.5,3.215,3.215
rr3,A,anal_05,2,4.0,0.0,3.91,3.91,5.48,0.5,-1.955,1.2599999999999998
rr3,A,anal_05,3,4.0,0.0,4.672,4.672,10.152000000000001,0.5,-2.336,-1.0760000000000005
rr3,A,crea_01,1,4.0,4.0,1.723,1.723,1.723,0.0,4.0,4.0
rr3,A,crea_01,2,4.0,0.0,2.714,2.714,4.437,0.0,0.0,4.0
rr3,A,crea_01,3,4.0,0.0,3.878,3.878,8.315000000000001,0.0,0.0,4.0
rr3,A,crea_01,4,4.0,0.0,7.079,7.079,15.394000000000002,0.0,0.0,4.0
rr3,A,crea_01,5,4.0,0.0,4.052,4.052,19.446,0.0,0.0,4.0
rr3,A,crea_01,6,4.0,0.0,1.348,1.348,20.794,0.0,0.0,4.0
rr3,A,crea_01,1,4.0,4.0,1.723,1.723,1.723,0.05,3.91385,3.91385
rr3,A,crea_01,2,4.0,0.0,2.714,2.714,4.437,0.05,-0.13570000000000002,3.77815
rr3,A,crea_01,3,4.0,0.0,3.878,3.878,8.315000000000001,0.05,-0.19390000000000002,3.58425
rr3,A,crea_01,4,4.0,0.0,7.079,7.079,15.394000000000002,0.05,-0.35395,3.2302999999999997
rr3,A,crea_01,5,4.0,0.0,4.052,4.052,19.446,0.05,-0.2026,3.0277
rr3,A,crea_01,6,4.0,0.0,1.348,1.348,20.794,0.05,-0.0674,2.9603
rr3,A,crea_01,1,4.0,4.0,1.723,1.723,1.723,0.1,3.8277,3.8277
rr3,A,crea_01,2,4.0,0.0,2.714,2.714,4.437,0.1,-0.27140000000000003,3.5563
rr3,A,crea_01,3,4.0,0.0,3.878,3.878,8.315000000000001,0.1,-0.38780000000000003,3.1685
rr3,A,crea_01,4,4.0,0.0,7.079,7.079,15.394000000000002,0.1,-0.7079,2.4605999999999995
rr3,A,crea_01,5,4.0,0.0,4.052,4.052,19.446,0.1,-0.4052,2.0553999999999997
rr3,A,crea_01,6,4.0,0.0,1.348,1.348,20.794,0.1,-0.1348,1.9205999999999999
rr3,A,crea_01,1,4.0,4.0,1.723,1.723,1.723,0.2,3.6554,3.6554
rr3,A,crea_01,2,4.0,0.0,2.714,2.714,4.437,0.2,-0.5428000000000001,3.1126
rr3,A,crea_01,3,4.0,0.0,3.878,3.878,8.315000000000001,0.2,-0.7756000000000001,2.3369999999999997
rr3,A,crea_01,4,4.0,0.0,7.079,7.079,15.394000000000002,0.2,-1.4158,0.9211999999999994
rr3,A,crea_01,5,4.0,0.0,4.052,4.052,19.446,0.2,-0.8104,0.11079999999999934
rr3,A,crea_01,6,4.0,0.0,1.348,1.348,20.794,0.2,-0.2696,-0.15880000000000027
rr3,A,crea_01,1,4.0,4.0,1.723,1.723,1.723,0.5,3.1385,3.1385
rr3,A,crea_01,2,4.0,0.0,2.714,2.714,4.437,0.5,-1.357,1.7814999999999999
rr3,A,crea_01,3,4.0,0.0,3.878,3.878,8.315000000000001,0.5,-1.939,-0.15750000000000064
rr3,A,crea_01,4,4.0,0.0,7.079,7.079,15.394000000000002,0.5,-3.5395,-3.697000000000001
rr3,A,crea_01,5,4.0,0.0,4.052,4.052,19.446,0.5,-2.026,-5.723000000000001
rr3,A,crea_01,6,4.0,0.0,1.348,1.348,20.794,0.5,-0.674,-6.397
rr3,A,crea_02,1,4.0,4.0,0.69,0.69,0.69,0.0,4.0,4.0
rr3,A,crea_02,2,3.0,-1.0,1.43,1.43,2.12,0.0,-1.0,3.0
rr3,A,crea_02,3,5.0,2.0,1.818,1.818,3.938,0.0,2.0,5.0
rr3,A,crea_02,1,4.0,4.0,0.69,0.69,0.69,0.05,3.9655,3.9655
rr3,A,crea_02,2,3.0,-1.0,1.43,1.43,2.12,0.05,-1.0715,2.894
rr3,A,crea_02,3,5.0,2.0,1.818,1.818,3.938,0.05,1.9091,4.8031
rr3,A,crea_02,1,4.0,4.0,0.69,0.69,0.69,0.1,3.931,3.931
rr3,A,crea_02,2,3.0,-1.0,1.43,1.43,2.12,0.1,-1.143,2.788
rr3,A,crea_02,3,5.0,2.0,1.818,1.818,3.938,0.1,1.8182,4.6062
rr3,A,crea_02,1,4.0,4.0,0.69,0.69,0.69,0.2,3.862,3.862
rr3,A,crea_02,2,3.0,-1.0,1.43,1.43,2.12,0.2,-1.286,2.576
rr3,A,crea_02,3,5.0,2.0,1.818,1.818,3.938,0.2,1.6364,4.2124
rr3,A,crea_02,1,4.0,4.0,0.69,0.69,0.69,0.5,3.6550000000000002,3.6550000000000002
rr3,A,crea_02,2,3.0,-1.0,1.43,1.43,2.12,0.5,-1.7149999999999999,1.94
rr3,A,crea_02,3,5.0,2.0,1.818,1.818,3.938,0.5,1.091,3.0309999999999997
rr3,A,crea_03,1,4.0,4.0,1.64,1.64,1.64,0.0,4.0,4.0
rr3,A,crea_03,2,4.0,0.0,4.5,4.5,6.14,0.0,0.0,4.0
rr3,A,crea_03,3,4.0,0.0,1.248,1.248,7.388,0.0,0.0,4.0
rr3,A,crea_03,1,4.0,4.0,1.64,1.64,1.64,0.05,3.918,3.918
rr3,A,crea_03,2,4.0,0.0,4.5,4.5,6.14,0.05,-0.225,3.693
rr3,A,crea_03,3,4.0,0.0,1.248,1.248,7.388,0.05,-0.062400000000000004,3.6306
rr3,A,crea_03,1,4.0,4.0,1.64,1.64,1.64,0.1,3.836,3.836
rr3,A,crea_03,2,4.0,0.0,4.5,4.5,6.14,0.1,-0.45,3.386
rr3,A,crea_03,3,4.0,0.0,1.248,1.248,7.388,0.1,-0.12480000000000001,3.2612
rr3,A,crea_03,1,4.0,4.0,1.64,1.64,1.64,0.2,3.672,3.672
rr3,A,crea_03,2,4.0,0.0,4.5,4.5,6.14,0.2,-0.9,2.7720000000000002
rr3,A,crea_03,3,4.0,0.0,1.248,1.248,7.388,0.2,-0.24960000000000002,2.5224
rr3,A,crea_03,1,4.0,4.0,1.64,1.64,1.64,0.5,3.18,3.18
rr3,A,crea_03,2,4.0,0.0,4.5,4.5,6.14,0.5,-2.25,0.9300000000000002
rr3,A,crea_03,3,4.0,0.0,1.248,1.248,7.388,0.5,-0.624,0.30600000000000005
rr3,A,crea_04,1,4.0,4.0,1.75,1.75,1.75,0.0,4.0,4.0
rr3,A,crea_04,2,4.0,0.0,4.871,4.871,6.621,0.0,0.0,4.0
rr3,A,crea_04,3,4.0,0.0,2.136,2.136,8.757000000000001,0.0,0.0,4.0
rr3,A,crea_04,4,4.0,0.0,8.998,8.998,17.755000000000003,0.0,0.0,4.0
rr3,A,crea_04,5,4.0,0.0,8.567,8.567,26.322000000000003,0.0,0.0,4.0
rr3,A,crea_04,6,4.0,0.0,1.084,1.084,27.406000000000002,0.0,0.0,4.0
rr3,A,crea_04,1,4.0,4.0,1.75,1.75,1.75,0.05,3.9125,3.9125
rr3,A,crea_04,2,4.0,0.0,4.871,4.871,6.621,0.05,-0.24355000000000004,3.6689499999999997
rr3,A,crea_04,3,4.0,0.0,2.136,2.136,8.757000000000001,0.05,-0.1068,3.56215
rr3,A,crea_04,4,4.0,0.0,8.998,8.998,17.755000000000003,0.05,-0.44989999999999997,3.11225
rr3,A,crea_04,5,4.0,0.0,8.567,8.567,26.322000000000003,0.05,-0.42835,2.6838999999999995
rr3,A,crea_04,6,4.0,0.0,1.084,1.084,27.406000000000002,0.05,-0.054200000000000005,2.6296999999999997
rr3,A,crea_04,1,4.0,4.0,1.75,1.75,1.75,0.1,3.825,3.825
rr3,A,crea_04,2,4.0,0.0,4.871,4.871,6.621,0.1,-0.4871000000000001,3.3379
rr3,A,crea_04,3,4.0,0.0,2.136,2.136,8.757000000000001,0.1,-0.2136,3.1243
rr3,A,crea_04,4,4.0,0.0,8.998,8.998,17.755000000000003,0.1,-0.8997999999999999,2.2245
rr3,A,crea_04,5,4.0,0.0,8.567,8.567,26.322000000000003,0.1,-0.8567,1.3677999999999995
rr3,A,crea_04,6,4.0,0.0,1.084,1.084,27.406000000000002,0.1,-0.10840000000000001,1.2593999999999994
rr3,A,crea_04,1,4.0,4.0,1.75,1.75,1.75,0.2,3.65,3.65
rr3,A,crea_04,2,4.0,0.0,4.871,4.871,6.621,0.2,-0.9742000000000002,2.6757999999999997
rr3,A,crea_04,3,4.0,0.0,2.136,2.136,8.757000000000001,0.2,-0.4272,2.2485999999999997
rr3,A,crea_04,4,4.0,0.0,8.998,8.998,17.755000000000003,0.2,-1.7995999999999999,0.4489999999999994
rr3,A,crea_04,5,4.0,0.0,8.567,8.567,26.322000000000003,0.2,-1.7134,-1.264400000000001
rr3,A,crea_04,6,4.0,0.0,1.084,1.084,27.406000000000002,0.2,-0.21680000000000002,-1.4812000000000012
rr3,A,crea_04,1,4.0,4.0,1.75,1.75,1.75,0.5,3.125,3.125
rr3,A,crea_04,2,4.0,0.0,4.871,4.871,6.621,0.5,-2.4355,0.6894999999999998
rr3,A,crea_04,3,4.0,0.0,2.136,2.136,8.757000000000001,0.5,-1.068,-0.3785000000000007
rr3,A,crea_04,4,4.0,0.0,8.998,8.998,17.755000000000003,0.5,-4.499,-4.877500000000001
rr3,A,crea_04,5,4.0,0.0,8.567,8.567,26.322000000000003,0.5,-4.2835,-9.161000000000001
rr3,A,crea_04,6,4.0,0.0,1.084,1.084,27.406000000000002,0.5,-0.542,-9.703000000000001
rr3,A,crea_05,1,5.0,5.0,0.78,0.78,0.78,0.0,5.0,5.0
rr3,A,crea_05,2,4.0,-1.0,1.549,1.549,2.3289999999999997,0.0,-1.0,4.0
rr3,A,crea_05,3,5.0,1.0,2.381,2.381,4.709999999999999,0.0,1.0,5.0
rr3,A,crea_05,1,5.0,5.0,0.78,0.78,0.78,0.05,4.961,4.961
rr3,A,crea_05,2,4.0,-1.0,1.549,1.549,2.3289999999999997,0.05,-1.07745,3.88355
rr3,A,crea_05,3,5.0,1.0,2.381,2.381,4.709999999999999,0.05,0.88095,4.7645
rr3,A,crea_05,1,5.0,5.0,0.78,0.78,0.78,0.1,4.922,4.922
rr3,A,crea_05,2,4.0,-1.0,1.549,1.549,2.3289999999999997,0.1,-1.1549,3.7671
rr3,A,crea_05,3,5.0,1.0,2.381,2.381,4.709999999999999,0.1,0.7619,4.529
rr3,A,crea_05,1,5.0,5.0,0.78,0.78,0.78,0.2,4.844,4.844
rr3,A,crea_05,2,4.0,-1.0,1.549,1.549,2.3289999999999997,0.2,-1.3098,3.5342000000000002
rr3,A,crea_05,3,5.0,1.0,2.381,2.381,4.709999999999999,0.2,0.5238,4.058
rr3,A,crea_05,1,5.0,5.0,0.78,0.78,0.78,0.5,4.61,4.61
rr3,A,crea_05,2,4.0,-1.0,1.549,1.549,2.3289999999999997,0.5,-1.7745,2.8355
rr3,A,crea_05,3,5.0,1.0,2.381,2.381,4.709999999999999,0.5,-0.1904999999999999,2.6450000000000005
rr3,A,fact_01,1,5.0,5.0,0.688,0.688,0.688,0.0,5.0,5.0
rr3,A,fact_01,2,5.0,0.0,1.411,1.411,2.099,0.0,0.0,5.0
rr3,A,fact_01,3,5.0,0.0,2.123,2.123,4.222,0.0,0.0,5.0
rr3,A,fact_01,1,5.0,5.0,0.688,0.688,0.688,0.05,4.9656,4.9656
rr3,A,fact_01,2,5.0,0.0,1.411,1.411,2.099,0.05,-0.07055,4.89505
rr3,A,fact_01,3,5.0,0.0,2.123,2.123,4.222,0.05,-0.10615000000000002,4.7889
rr3,A,fact_01,1,5.0,5.0,0.688,0.688,0.688,0.1,4.9312,4.9312
rr3,A,fact_01,2,5.0,0.0,1.411,1.411,2.099,0.1,-0.1411,4.7901
rr3,A,fact_01,3,5.0,0.0,2.123,2.123,4.222,0.1,-0.21230000000000004,4.5778
rr3,A,fact_01,1,5.0,5.0,0.688,0.688,0.688,0.2,4.8624,4.8624
rr3,A,fact_01,2,5.0,0.0,1.411,1.411,2.099,0.2,-0.2822,4.5802
rr3,A,fact_01,3,5.0,0.0,2.123,2.123,4.222,0.2,-0.4246000000000001,4.1556
rr3,A,fact_01,1,5.0,5.0,0.688,0.688,0.688,0.5,4.656,4.656
rr3,A,fact_01,2,5.0,0.0,1.411,1.411,2.099,0.5,-0.7055,3.9505
rr3,A,fact_01,3,5.0,0.0,2.123,2.123,4.222,0.5,-1.0615,2.889
rr3,A,fact_02,1,5.0,5.0,0.687,0.687,0.687,0.0,5.0,5.0
rr3,A,fact_02,2,4.0,-1.0,1.74,1.74,2.427,0.0,-1.0,4.0
rr3,A,fact_02,3,4.0,0.0,2.46,2.46,4.8870000000000005,0.0,0.0,4.0
rr3,A,fact_02,4,4.0,0.0,5.252,5.252,10.139,0.0,0.0,4.0
rr3,A,fact_02,5,4.0,0.0,1.917,1.917,12.056,0.0,0.0,4.0
rr3,A,fact_02,6,4.0,0.0,1.023,1.023,13.078999999999999,0.0,0.0,4.0
rr3,A,fact_02,1,5.0,5.0,0.687,0.687,0.687,0.05,4.96565,4.96565
rr3,A,fact_02,2,4.0,-1.0,1.74,1.74,2.427,0.05,-1.087,3.87865
rr3,A,fact_02,3,4.0,0.0,2.46,2.46,4.8870000000000005,0.05,-0.123,3.75565
rr3,A,fact_02,4,4.0,0.0,5.252,5.252,10.139,0.05,-0.2626,3.49305
rr3,A,fact_02,5,4.0,0.0,1.917,1.917,12.056,0.05,-0.09585,3.3971999999999998
rr3,A,fact_02,6,4.0,0.0,1.023,1.023,13.078999999999999,0.05,-0.05115,3.34605
rr3,A,fact_02,1,5.0,5.0,0.687,0.687,0.687,0.1,4.9313,4.9313
rr3,A,fact_02,2,4.0,-1.0,1.74,1.74,2.427,0.1,-1.174,3.7573
rr3,A,fact_02,3,4.0,0.0,2.46,2.46,4.8870000000000005,0.1,-0.246,3.5113
rr3,A,fact_02,4,4.0,0.0,5.252,5.252,10.139,0.1,-0.5252,2.9861
rr3,A,fact_02,5,4.0,0.0,1.917,1.917,12.056,0.1,-0.1917,2.7944
rr3,A,fact_02,6,4.0,0.0,1.023,1.023,13.078999999999999,0.1,-0.1023,2.6921
rr3,A,fact_02,1,5.0,5.0,0.687,0.687,0.687,0.2,4.8626,4.8626
rr3,A,fact_02,2,4.0,-1.0,1.74,1.74,2.427,0.2,-1.348,3.5145999999999997
rr3,A,fact_02,3,4.0,0.0,2.46,2.46,4.8870000000000005,0.2,-0.492,3.0225999999999997
rr3,A,fact_02,4,4.0,0.0,5.252,5.252,10.139,0.2,-1.0504,1.9722
rr3,A,fact_02,5,4.0,0.0,1.917,1.917,12.056,0.2,-0.3834,1.5888
rr3,A,fact_02,6,4.0,0.0,1.023,1.023,13.078999999999999,0.2,-0.2046,1.3841999999999999
rr3,A,fact_02,1,5.0,5.0,0.687,0.687,0.687,0.5,4.6565,4.6565
rr3,A,fact_02,2,4.0,-1.0,1.74,1.74,2.427,0.5,-1.87,2.7865
rr3,A,fact_02,3,4.0,0.0,2.46,2.46,4.8870000000000005,0.5,-1.23,1.5564999999999998
rr3,A,fact_02,4,4.0,0.0,5.252,5.252,10.139,0.5,-2.626,-1.0694999999999997
rr3,A,fact_02,5,4.0,0.0,1.917,1.917,12.056,0.5,-0.9585,-2.0279999999999996
rr3,A,fact_02,6,4.0,0.0,1.023,1.023,13.078999999999999,0.5,-0.5115,-2.5394999999999994
rr3,A,fact_03,1,4.0,4.0,1.539,1.539,1.539,0.0,4.0,4.0
rr3,A,fact_03,2,4.0,0.0,2.887,2.887,4.426,0.0,0.0,4.0
rr3,A,fact_03,3,5.0,1.0,4.085,4.085,8.511,0.0,1.0,5.0
rr3,A,fact_03,4,5.0,0.0,7.239,7.239,15.75,0.0,0.0,5.0
rr3,A,fact_03,5,5.0,0.0,2.461,2.461,18.211,0.0,0.0,5.0
rr3,A,fact_03,6,5.0,0.0,1.278,1.278,19.488999999999997,0.0,0.0,5.0
rr3,A,fact_03,1,4.0,4.0,1.539,1.539,1.539,0.05,3.92305,3.92305
rr3,A,fact_03,2,4.0,0.0,2.887,2.887,4.426,0.05,-0.14435,3.7787
rr3,A,fact_03,3,5.0,1.0,4.085,4.085,8.511,0.05,0.79575,4.57445
rr3,A,fact_03,4,5.0,0.0,7.239,7.239,15.75,0.05,-0.36195,4.2125
rr3,A,fact_03,5,5.0,0.0,2.461,2.461,18.211,0.05,-0.12304999999999999,4.08945
rr3,A,fact_03,6,5.0,0.0,1.278,1.278,19.488999999999997,0.05,-0.0639,4.02555
rr3,A,fact_03,1,4.0,4.0,1.539,1.539,1.539,0.1,3.8461,3.8461
rr3,A,fact_03,2,4.0,0.0,2.887,2.887,4.426,0.1,-0.2887,3.5574
rr3,A,fact_03,3,5.0,1.0,4.085,4.085,8.511,0.1,0.5914999999999999,4.1489
rr3,A,fact_03,4,5.0,0.0,7.239,7.239,15.75,0.1,-0.7239,3.425
rr3,A,fact_03,5,5.0,0.0,2.461,2.461,18.211,0.1,-0.24609999999999999,3.1789
rr3,A,fact_03,6,5.0,0.0,1.278,1.278,19.488999999999997,0.1,-0.1278,3.0511
rr3,A,fact_03,1,4.0,4.0,1.539,1.539,1.539,0.2,3.6922,3.6922
rr3,A,fact_03,2,4.0,0.0,2.887,2.887,4.426,0.2,-0.5774,3.1148
rr3,A,fact_03,3,5.0,1.0,4.085,4.085,8.511,0.2,0.18299999999999994,3.2978
rr3,A,fact_03,4,5.0,0.0,7.239,7.239,15.75,0.2,-1.4478,1.8499999999999996
rr3,A,fact_03,5,5.0,0.0,2.461,2.461,18.211,0.2,-0.49219999999999997,1.3578000000000001
rr3,A,fact_03,6,5.0,0.0,1.278,1.278,19.488999999999997,0.2,-0.2556,1.1022000000000003
rr3,A,fact_03,1,4.0,4.0,1.539,1.539,1.539,0.5,3.2305,3.2305
rr3,A,fact_03,2,4.0,0.0,2.887,2.887,4.426,0.5,-1.4435,1.787
rr3,A,fact_03,3,5.0,1.0,4.085,4.085,8.511,0.5,-1.0425,0.7445000000000004
rr3,A,fact_03,4,5.0,0.0,7.239,7.239,15.75,0.5,-3.6195,-2.875
rr3,A,fact_03,5,5.0,0.0,2.461,2.461,18.211,0.5,-1.2305,-4.105499999999999
rr3,A,fact_03,6,5.0,0.0,1.278,1.278,19.488999999999997,0.5,-0.639,-4.744499999999999
rr3,A,fact_04,1,5.0,5.0,1.019,1.019,1.019,0.0,5.0,5.0
rr3,A,fact_04,2,5.0,0.0,2.077,2.077,3.096,0.0,0.0,5.0
rr3,A,fact_04,3,5.0,0.0,2.743,2.743,5.839,0.0,0.0,5.0
rr3,A,fact_04,1,5.0,5.0,1.019,1.019,1.019,0.05,4.94905,4.94905
rr3,A,fact_04,2,5.0,0.0,2.077,2.077,3.096,0.05,-0.10385,4.8452
rr3,A,fact_04,3,5.0,0.0,2.743,2.743,5.839,0.05,-0.13715,4.70805
rr3,A,fact_04,1,5.0,5.0,1.019,1.019,1.019,0.1,4.8981,4.8981
rr3,A,fact_04,2,5.0,0.0,2.077,2.077,3.096,0.1,-0.2077,4.6904
rr3,A,fact_04,3,5.0,0.0,2.743,2.743,5.839,0.1,-0.2743,4.4161
rr3,A,fact_04,1,5.0,5.0,1.019,1.019,1.019,0.2,4.7962,4.7962
rr3,A,fact_04,2,5.0,0.0,2.077,2.077,3.096,0.2,-0.4154,4.3808
rr3,A,fact_04,3,5.0,0.0,2.743,2.743,5.839,0.2,-0.5486,3.8322
rr3,A,fact_04,1,5.0,5.0,1.019,1.019,1.019,0.5,4.4905,4.4905
rr3,A,fact_04,2,5.0,0.0,2.077,2.077,3.096,0.5,-1.0385,3.452
rr3,A,fact_04,3,5.0,0.0,2.743,2.743,5.839,0.5,-1.3715,2.0805
rr3,A,fact_05,1,4.0,4.0,1.287,1.287,1.287,0.0,4.0,4.0
rr3,A,fact_05,2,5.0,1.0,2.624,2.624,3.911,0.0,1.0,5.0
rr3,A,fact_05,3,5.0,0.0,3.372,3.372,7.2829999999999995,0.0,0.0,5.0
rr3,A,fact_05,1,4.0,4.0,1.287,1.287,1.287,0.05,3.93565,3.93565
rr3,A,fact_05,2,5.0,1.0,2.624,2.624,3.911,0.05,0.8688,4.80445
rr3,A,fact_05,3,5.0,0.0,3.372,3.372,7.2829999999999995,0.05,-0.1686,4.63585
rr3,A,fact_05,1,4.0,4.0,1.287,1.287,1.287,0.1,3.8713,3.8713
rr3,A,fact_05,2,5.0,1.0,2.624,2.624,3.911,0.1,0.7376,4.6089
rr3,A,fact_05,3,5.0,0.0,3.372,3.372,7.2829999999999995,0.1,-0.3372,4.2717
rr3,A,fact_05,1,4.0,4.0,1.287,1.287,1.287,0.2,3.7426,3.7426
rr3,A,fact_05,2,5.0,1.0,2.624,2.624,3.911,0.2,0.47519999999999996,4.2178
rr3,A,fact_05,3,5.0,0.0,3.372,3.372,7.2829999999999995,0.2,-0.6744,3.5434
rr3,A,fact_05,1,4.0,4.0,1.287,1.287,1.287,0.5,3.3565,3.3565
rr3,A,fact_05,2,5.0,1.0,2.624,2.624,3.911,0.5,-0.31200000000000006,3.0445
rr3,A,fact_05,3,5.0,0.0,3.372,3.372,7.2829999999999995,0.5,-1.686,1.3585000000000003
rr3,A,tech_01,1,3.0,3.0,8.299,8.299,8.299,0.0,3.0,3.0
rr3,A,tech_01,2,4.0,1.0,2.071,2.071,10.37,0.0,1.0,4.0
rr3,A,tech_01,3,4.0,0.0,1.356,1.356,11.725999999999999,0.0,0.0,4.0
rr3,A,tech_01,4,4.0,0.0,8.133,8.133,19.858999999999998,0.0,0.0,4.0
rr3,A,tech_01,5,4.0,0.0,2.935,2.935,22.793999999999997,0.0,0.0,4.0
rr3,A,tech_01,6,4.0,0.0,2.186,2.186,24.979999999999997,0.0,0.0,4.0
rr3,A,tech_01,1,3.0,3.0,8.299,8.299,8.299,0.05,2.58505,2.58505
rr3,A,tech_01,2,4.0,1.0,2.071,2.071,10.37,0.05,0.89645,3.4815
rr3,A,tech_01,3,4.0,0.0,1.356,1.356,11.725999999999999,0.05,-0.06780000000000001,3.4137
rr3,A,tech_01,4,4.0,0.0,8.133,8.133,19.858999999999998,0.05,-0.40664999999999996,3.00705
rr3,A,tech_01,5,4.0,0.0,2.935,2.935,22.793999999999997,0.05,-0.14675000000000002,2.8603
rr3,A,tech_01,6,4.0,0.0,2.186,2.186,24.979999999999997,0.05,-0.10930000000000001,2.7510000000000003
rr3,A,tech_01,1,3.0,3.0,8.299,8.299,8.299,0.1,2.1701,2.1701
rr3,A,tech_01,2,4.0,1.0,2.071,2.071,10.37,0.1,0.7928999999999999,2.963
rr3,A,tech_01,3,4.0,0.0,1.356,1.356,11.725999999999999,0.1,-0.13560000000000003,2.8274
rr3,A,tech_01,4,4.0,0.0,8.133,8.133,19.858999999999998,0.1,-0.8132999999999999,2.0141
rr3,A,tech_01,5,4.0,0.0,2.935,2.935,22.793999999999997,0.1,-0.29350000000000004,1.7206000000000001
rr3,A,tech_01,6,4.0,0.0,2.186,2.186,24.979999999999997,0.1,-0.21860000000000002,1.5020000000000002
rr3,A,tech_01,1,3.0,3.0,8.299,8.299,8.299,0.2,1.3402,1.3402
rr3,A,tech_01,2,4.0,1.0,2.071,2.071,10.37,0.2,0.5857999999999999,1.9260000000000002
rr3,A,tech_01,3,4.0,0.0,1.356,1.356,11.725999999999999,0.2,-0.27120000000000005,1.6548000000000003
rr3,A,tech_01,4,4.0,0.0,8.133,8.133,19.858999999999998,0.2,-1.6265999999999998,0.028200000000000003
rr3,A,tech_01,5,4.0,0.0,2.935,2.935,22.793999999999997,0.2,-0.5870000000000001,-0.5587999999999997
rr3,A,tech_01,6,4.0,0.0,2.186,2.186,24.979999999999997,0.2,-0.43720000000000003,-0.9959999999999996
rr3,A,tech_01,1,3.0,3.0,8.299,8.299,8.299,0.5,-1.1494999999999997,-1.1494999999999997
rr3,A,tech_01,2,4.0,1.0,2.071,2.071,10.37,0.5,-0.03550000000000009,-1.1849999999999996
rr3,A,tech_01,3,4.0,0.0,1.356,1.356,11.725999999999999,0.5,-0.678,-1.8629999999999995
rr3,A,tech_01,4,4.0,0.0,8.133,8.133,19.858999999999998,0.5,-4.0665,-5.929499999999999
rr3,A,tech_01,5,4.0,0.0,2.935,2.935,22.793999999999997,0.5,-1.4675,-7.3969999999999985
rr3,A,tech_01,6,4.0,0.0,2.186,2.186,24.979999999999997,0.5,-1.093,-8.489999999999998
rr3,A,tech_02,1,4.0,4.0,5.936,5.936,5.936,0.0,4.0,4.0
rr3,A,tech_02,2,5.0,1.0,4.131,4.131,10.067,0.0,1.0,5.0
rr3,A,tech_02,3,5.0,0.0,2.153,2.153,12.22,0.0,0.0,5.0
rr3,A,tech_02,1,4.0,4.0,5.936,5.936,5.936,0.05,3.7032,3.7032
rr3,A,tech_02,2,5.0,1.0,4.131,4.131,10.067,0.05,0.79345,4.49665
rr3,A,tech_02,3,5.0,0.0,2.153,2.153,12.22,0.05,-0.10765000000000001,4.389
rr3,A,tech_02,1,4.0,4.0,5.936,5.936,5.936,0.1,3.4064,3.4064
rr3,A,tech_02,2,5.0,1.0,4.131,4.131,10.067,0.1,0.5869,3.9932999999999996
rr3,A,tech_02,3,5.0,0.0,2.153,2.153,12.22,0.1,-0.21530000000000002,3.7779999999999996
rr3,A,tech_02,1,4.0,4.0,5.936,5.936,5.936,0.2,2.8128,2.8128
rr3,A,tech_02,2,5.0,1.0,4.131,4.131,10.067,0.2,0.17379999999999995,2.9865999999999997
rr3,A,tech_02,3,5.0,0.0,2.153,2.153,12.22,0.2,-0.43060000000000004,2.5559999999999996
rr3,A,tech_02,1,4.0,4.0,5.936,5.936,5.936,0.5,1.032,1.032
rr3,A,tech_02,2,5.0,1.0,4.131,4.131,10.067,0.5,-1.0655000000000001,-0.033500000000000085
rr3,A,tech_02,3,5.0,0.0,2.153,2.153,12.22,0.5,-1.0765,-1.1100000000000003
rr3,A,tech_03,1,3.0,3.0,2.191,2.191,2.191,0.0,3.0,3.0
rr3,A,tech_03,2,4.0,1.0,4.791,4.791,6.982,0.0,1.0,4.0
rr3,A,tech_03,3,5.0,1.0,1.673,1.673,8.655000000000001,0.0,1.0,5.0
rr3,A,tech_03,1,3.0,3.0,2.191,2.191,2.191,0.05,2.89045,2.89045
rr3,A,tech_03,2,4.0,1.0,4.791,4.791,6.982,0.05,0.76045,3.6509
rr3,A,tech_03,3,5.0,1.0,1.673,1.673,8.655000000000001,0.05,0.91635,4.56725
rr3,A,tech_03,1,3.0,3.0,2.191,2.191,2.191,0.1,2.7809,2.7809
rr3,A,tech_03,2,4.0,1.0,4.791,4.791,6.982,0.1,0.5208999999999999,3.3018
rr3,A,tech_03,3,5.0,1.0,1.673,1.673,8.655000000000001,0.1,0.8327,4.1345
rr3,A,tech_03,1,3.0,3.0,2.191,2.191,2.191,0.2,2.5618,2.5618
rr3,A,tech_03,2,4.0,1.0,4.791,4.791,6.982,0.2,0.04179999999999984,2.6036
rr3,A,tech_03,3,5.0,1.0,1.673,1.673,8.655000000000001,0.2,0.6654,3.2689999999999997
rr3,A,tech_03,1,3.0,3.0,2.191,2.191,2.191,0.5,1.9045,1.9045
rr3,A,tech_03,2,4.0,1.0,4.791,4.791,6.982,0.5,-1.3955000000000002,0.5089999999999999
rr3,A,tech_03,3,5.0,1.0,1.673,1.673,8.655000000000001,0.5,0.16349999999999998,0.6724999999999994
rr3,A,tech_04,1,4.0,4.0,3.302,3.302,3.302,0.0,4.0,4.0
rr3,A,tech_04,2,4.0,0.0,5.64,5.64,8.942,0.0,0.0,4.0
rr3,A,tech_04,3,4.0,0.0,1.988,1.988,10.93,0.0,0.0,4.0
rr3,A,tech_04,4,4.0,0.0,8.342,8.342,19.272,0.0,0.0,4.0
rr3,A,tech_04,5,4.0,0.0,5.347,5.347,24.619,0.0,0.0,4.0
rr3,A,tech_04,6,4.0,0.0,1.572,1.572,26.191,0.0,0.0,4.0
rr3,A,tech_04,1,4.0,4.0,3.302,3.302,3.302,0.05,3.8349,3.8349
rr3,A,tech_04,2,4.0,0.0,5.64,5.64,8.942,0.05,-0.282,3.5529
rr3,A,tech_04,3,4.0,0.0,1.988,1.988,10.93,0.05,-0.0994,3.4535
rr3,A,tech_04,4,4.0,0.0,8.342,8.342,19.272,0.05,-0.4171,3.0364
rr3,A,tech_04,5,4.0,0.0,5.347,5.347,24.619,0.05,-0.26735000000000003,2.76905
rr3,A,tech_04,6,4.0,0.0,1.572,1.572,26.191,0.05,-0.0786,2.6904500000000002
rr3,A,tech_04,1,4.0,4.0,3.302,3.302,3.302,0.1,3.6698,3.6698
rr3,A,tech_04,2,4.0,0.0,5.64,5.64,8.942,0.1,-0.564,3.1058
rr3,A,tech_04,3,4.0,0.0,1.988,1.988,10.93,0.1,-0.1988,2.907
rr3,A,tech_04,4,4.0,0.0,8.342,8.342,19.272,0.1,-0.8342,2.0728
rr3,A,tech_04,5,4.0,0.0,5.347,5.347,24.619,0.1,-0.5347000000000001,1.5381
rr3,A,tech_04,6,4.0,0.0,1.572,1.572,26.191,0.1,-0.1572,1.3809
rr3,A,tech_04,1,4.0,4.0,3.302,3.302,3.302,0.2,3.3396,3.3396
rr3,A,tech_04,2,4.0,0.0,5.64,5.64,8.942,0.2,-1.128,2.2116
rr3,A,tech_04,3,4.0,0.0,1.988,1.988,10.93,0.2,-0.3976,1.814
rr3,A,tech_04,4,4.0,0.0,8.342,8.342,19.272,0.2,-1.6684,0.14559999999999995
rr3,A,tech_04,5,4.0,0.0,5.347,5.347,24.619,0.2,-1.0694000000000001,-0.9238
rr3,A,tech_04,6,4.0,0.0,1.572,1.572,26.191,0.2,-0.3144,-1.2382
rr3,A,tech_04,1,4.0,4.0,3.302,3.302,3.302,0.5,2.349,2.349
rr3,A,tech_04,2,4.0,0.0,5.64,5.64,8.942,0.5,-2.82,-0.4710000000000001
rr3,A,tech_04,3,4.0,0.0,1.988,1.988,10.93,0.5,-0.994,-1.4649999999999999
rr3,A,tech_04,4,4.0,0.0,8.342,8.342,19.272,0.5,-4.171,-5.635999999999999
rr3,A,tech_04,5,4.0,0.0,5.347,5.347,24.619,0.5,-2.6735,-8.3095
rr3,A,tech_04,6,4.0,0.0,1.572,1.572,26.191,0.5,-0.786,-9.0955
rr3,A,tech_05,1,3.0,3.0,9.274,9.274,9.274,0.0,3.0,3.0
rr3,A,tech_05,2,5.0,2.0,4.118,4.118,13.392,0.0,2.0,5.0
rr3,A,tech_05,3,5.0,0.0,1.12,1.12,14.512,0.0,0.0,5.0
rr3,A,tech_05,1,3.0,3.0,9.274,9.274,9.274,0.05,2.5362999999999998,2.5362999999999998
rr3,A,tech_05,2,5.0,2.0,4.118,4.118,13.392,0.05,1.7941,4.3304
rr3,A,tech_05,3,5.0,0.0,1.12,1.12,14.512,0.05,-0.05600000000000001,4.2744
rr3,A,tech_05,1,3.0,3.0,9.274,9.274,9.274,0.1,2.0726,2.0726
rr3,A,tech_05,2,5.0,2.0,4.118,4.118,13.392,0.1,1.5882,3.6608
rr3,A,tech_05,3,5.0,0.0,1.12,1.12,14.512,0.1,-0.11200000000000002,3.5488
rr3,A,tech_05,1,3.0,3.0,9.274,9.274,9.274,0.2,1.1452,1.1452
rr3,A,tech_05,2,5.0,2.0,4.118,4.118,13.392,0.2,1.1764,2.3216
rr3,A,tech_05,3,5.0,0.0,1.12,1.12,14.512,0.2,-0.22400000000000003,2.0976
rr3,A,tech_05,1,3.0,3.0,9.274,9.274,9.274,0.5,-1.6369999999999996,-1.6369999999999996
rr3,A,tech_05,2,5.0,2.0,4.118,4.118,13.392,0.5,-0.05900000000000016,-1.6959999999999997
rr3,A,tech_05,3,5.0,0.0,1.12,1.12,14.512,0.5,-0.56,-2.2560000000000002
sel3,B1,anal_01,1,4.0,4.0,1.307,1.307,1.307,0.0,4.0,4.0
sel3,B1,anal_01,2,4.0,0.0,2.333,2.333,3.64,0.0,0.0,4.0
sel3,B1,anal_01,1,4.0,4.0,1.307,1.307,1.307,0.05,3.93465,3.93465
sel3,B1,anal_01,2,4.0,0.0,2.333,2.333,3.64,0.05,-0.11665000000000002,3.818
sel3,B1,anal_01,1,4.0,4.0,1.307,1.307,1.307,0.1,3.8693,3.8693
sel3,B1,anal_01,2,4.0,0.0,2.333,2.333,3.64,0.1,-0.23330000000000004,3.636
sel3,B1,anal_01,1,4.0,4.0,1.307,1.307,1.307,0.2,3.7386,3.7386
sel3,B1,anal_01,2,4.0,0.0,2.333,2.333,3.64,0.2,-0.46660000000000007,3.272
sel3,B1,anal_01,1,4.0,4.0,1.307,1.307,1.307,0.5,3.3465,3.3465
sel3,B1,anal_01,2,4.0,0.0,2.333,2.333,3.64,0.5,-1.1665,2.1799999999999997
sel3,B1,anal_02,1,4.0,4.0,1.198,1.198,1.198,0.0,4.0,4.0
sel3,B1,anal_02,2,4.0,0.0,3.212,3.212,4.41,0.0,0.0,4.0
sel3,B1,anal_02,3,4.0,0.0,4.699,4.699,9.109,0.0,0.0,4.0
sel3,B1,anal_02,1,4.0,4.0,1.198,1.198,1.198,0.05,3.9401,3.9401
sel3,B1,anal_02,2,4.0,0.0,3.212,3.212,4.41,0.05,-0.16060000000000002,3.7795
sel3,B1,anal_02,3,4.0,0.0,4.699,4.699,9.109,0.05,-0.23495,3.54455
sel3,B1,anal_02,1,4.0,4.0,1.198,1.198,1.198,0.1,3.8802,3.8802
sel3,B1,anal_02,2,4.0,0.0,3.212,3.212,4.41,0.1,-0.32120000000000004,3.559
sel3,B1,anal_02,3,4.0,0.0,4.699,4.699,9.109,0.1,-0.4699,3.0891
sel3,B1,anal_02,1,4.0,4.0,1.198,1.198,1.198,0.2,3.7604,3.7604
sel3,B1,anal_02,2,4.0,0.0,3.212,3.212,4.41,0.2,-0.6424000000000001,3.118
sel3,B1,anal_02,3,4.0,0.0,4.699,4.699,9.109,0.2,-0.9398,2.1782
sel3,B1,anal_02,1,4.0,4.0,1.198,1.198,1.198,0.5,3.401,3.401
sel3,B1,anal_02,2,4.0,0.0,3.212,3.212,4.41,0.5,-1.606,1.795
sel3,B1,anal_02,3,4.0,0.0,4.699,4.699,9.109,0.5,-2.3495,-0.5545
sel3,B1,anal_03,1,4.0,4.0,1.196,1.196,1.196,0.0,4.0,4.0
sel3,B1,anal_03,2,3.0,-1.0,2.433,2.433,3.6289999999999996,0.0,-1.0,3.0
sel3,B1,anal_03,1,4.0,4.0,1.196,1.196,1.196,0.05,3.9402,3.9402
sel3,B1,anal_03,2,3.0,-1.0,2.433,2.433,3.6289999999999996,0.05,-1.12165,2.81855
sel3,B1,anal_03,1,4.0,4.0,1.196,1.196,1.196,0.1,3.8804,3.8804
sel3,B1,anal_03,2,3.0,-1.0,2.433,2.433,3.6289999999999996,0.1,-1.2433,2.6371
sel3,B1,anal_03,1,4.0,4.0,1.196,1.196,1.196,0.2,3.7608,3.7608
sel3,B1,anal_03,2,3.0,-1.0,2.433,2.433,3.6289999999999996,0.2,-1.4866,2.2742
sel3,B1,anal_03,1,4.0,4.0,1.196,1.196,1.196,0.5,3.402,3.402
sel3,B1,anal_03,2,3.0,-1.0,2.433,2.433,3.6289999999999996,0.5,-2.2165,1.1855000000000002
sel3,B1,anal_04,1,3.0,3.0,1.751,1.751,1.751,0.0,3.0,3.0
sel3,B1,anal_04,2,4.0,1.0,3.597,3.597,5.348,0.0,1.0,4.0
sel3,B1,anal_04,1,3.0,3.0,1.751,1.751,1.751,0.05,2.91245,2.91245
sel3,B1,anal_04,2,4.0,1.0,3.597,3.597,5.348,0.05,0.8201499999999999,3.7326
sel3,B1,anal_04,1,3.0,3.0,1.751,1.751,1.751,0.1,2.8249,2.8249
sel3,B1,anal_04,2,4.0,1.0,3.597,3.597,5.348,0.1,0.6403,3.4652
sel3,B1,anal_04,1,3.0,3.0,1.751,1.751,1.751,0.2,2.6498,2.6498
sel3,B1,anal_04,2,4.0,1.0,3.597,3.597,5.348,0.2,0.28059999999999996,2.9303999999999997
sel3,B1,anal_04,1,3.0,3.0,1.751,1.751,1.751,0.5,2.1245000000000003,2.1245000000000003
sel3,B1,anal_04,2,4.0,1.0,3.597,3.597,5.348,0.5,-0.7985,1.326
sel3,B1,anal_05,1,4.0,4.0,1.413,1.413,1.413,0.0,4.0,4.0
sel3,B1,anal_05,2,4.0,0.0,4.31,4.31,5.723,0.0,0.0,4.0
sel3,B1,anal_05,3,4.0,0.0,2.879,2.879,8.602,0.0,0.0,4.0
sel3,B1,anal_05,1,4.0,4.0,1.413,1.413,1.413,0.05,3.92935,3.92935
sel3,B1,anal_05,2,4.0,0.0,4.31,4.31,5.723,0.05,-0.2155,3.71385
sel3,B1,anal_05,3,4.0,0.0,2.879,2.879,8.602,0.05,-0.14395,3.5699
sel3,B1,anal_05,1,4.0,4.0,1.413,1.413,1.413,0.1,3.8587,3.8587
sel3,B1,anal_05,2,4.0,0.0,4.31,4.31,5.723,0.1,-0.431,3.4276999999999997
sel3,B1,anal_05,3,4.0,0.0,2.879,2.879,8.602,0.1,-0.2879,3.1398
sel3,B1,anal_05,1,4.0,4.0,1.413,1.413,1.413,0.2,3.7174,3.7174
sel3,B1,anal_05,2,4.0,0.0,4.31,4.31,5.723,0.2,-0.862,2.8554
sel3,B1,anal_05,3,4.0,0.0,2.879,2.879,8.602,0.2,-0.5758,2.2796
sel3,B1,anal_05,1,4.0,4.0,1.413,1.413,1.413,0.5,3.2935,3.2935
sel3,B1,anal_05,2,4.0,0.0,4.31,4.31,5.723,0.5,-2.155,1.1385
sel3,B1,anal_05,3,4.0,0.0,2.879,2.879,8.602,0.5,-1.4395,-0.30100000000000016
sel3,B1,crea_01,1,4.0,4.0,2.224,2.224,2.224,0.0,4.0,4.0
sel3,B1,crea_01,2,4.0,0.0,2.78,2.78,5.004,0.0,0.0,4.0
sel3,B1,crea_01,1,4.0,4.0,2.224,2.224,2.224,0.05,3.8888,3.8888
sel3,B1,crea_01,2,4.0,0.0,2.78,2.78,5.004,0.05,-0.13899999999999998,3.7498
sel3,B1,crea_01,1,4.0,4.0,2.224,2.224,2.224,0.1,3.7776,3.7776
sel3,B1,crea_01,2,4.0,0.0,2.78,2.78,5.004,0.1,-0.27799999999999997,3.4996
sel3,B1,crea_01,1,4.0,4.0,2.224,2.224,2.224,0.2,3.5552,3.5552
sel3,B1,crea_01,2,4.0,0.0,2.78,2.78,5.004,0.2,-0.5559999999999999,2.9992
sel3,B1,crea_01,1,4.0,4.0,2.224,2.224,2.224,0.5,2.888,2.888
sel3,B1,crea_01,2,4.0,0.0,2.78,2.78,5.004,0.5,-1.39,1.4980000000000002
sel3,B1,crea_02,1,3.0,3.0,0.64,0.64,0.64,0.0,3.0,3.0
sel3,B1,crea_02,2,5.0,2.0,1.355,1.355,1.995,0.0,2.0,5.0
sel3,B1,crea_02,1,3.0,3.0,0.64,0.64,0.64,0.05,2.968,2.968
sel3,B1,crea_02,2,5.0,2.0,1.355,1.355,1.995,0.05,1.93225,4.90025
sel3,B1,crea_02,1,3.0,3.0,0.64,0.64,0.64,0.1,2.936,2.936
sel3,B1,crea_02,2,5.0,2.0,1.355,1.355,1.995,0.1,1.8645,4.8004999999999995
sel3,B1,crea_02,1,3.0,3.0,0.64,0.64,0.64,0.2,2.872,2.872
sel3,B1,crea_02,2,5.0,2.0,1.355,1.355,1.995,0.2,1.729,4.601
sel3,B1,crea_02,1,3.0,3.0,0.64,0.64,0.64,0.5,2.68,2.68
sel3,B1,crea_02,2,5.0,2.0,1.355,1.355,1.995,0.5,1.3225,4.0024999999999995
sel3,B1,crea_03,1,4.0,4.0,1.541,1.541,1.541,0.0,4.0,4.0
sel3,B1,crea_03,2,4.0,0.0,2.861,2.861,4.402,0.0,0.0,4.0
sel3,B1,crea_03,1,4.0,4.0,1.541,1.541,1.541,0.05,3.92295,3.92295
sel3,B1,crea_03,2,4.0,0.0,2.861,2.861,4.402,0.05,-0.14305,3.7799
sel3,B1,crea_03,1,4.0,4.0,1.541,1.541,1.541,0.1,3.8459,3.8459
sel3,B1,crea_03,2,4.0,0.0,2.861,2.861,4.402,0.1,-0.2861,3.5598
sel3,B1,crea_03,1,4.0,4.0,1.541,1.541,1.541,0.2,3.6917999999999997,3.6917999999999997
sel3,B1,crea_03,2,4.0,0.0,2.861,2.861,4.402,0.2,-0.5722,3.1196
sel3,B1,crea_03,1,4.0,4.0,1.541,1.541,1.541,0.5,3.2295,3.2295
sel3,B1,crea_03,2,4.0,0.0,2.861,2.861,4.402,0.5,-1.4305,1.799
sel3,B1,crea_04,1,4.0,4.0,1.476,1.476,1.476,0.0,4.0,4.0
sel3,B1,crea_04,2,4.0,0.0,3.61,3.61,5.086,0.0,0.0,4.0
sel3,B1,crea_04,3,4.0,0.0,5.605,5.605,10.691,0.0,0.0,4.0
sel3,B1,crea_04,4,4.0,0.0,3.599,3.599,14.290000000000001,0.0,0.0,4.0
sel3,B1,crea_04,5,4.0,0.0,6.054,6.054,20.344,0.0,0.0,4.0
sel3,B1,crea_04,6,4.0,0.0,5.516,5.516,25.86,0.0,0.0,4.0
sel3,B1,crea_04,7,4.0,0.0,3.959,3.959,29.819,0.0,0.0,4.0
sel3,B1,crea_04,1,4.0,4.0,1.476,1.476,1.476,0.05,3.9262,3.9262
sel3,B1,crea_04,2,4.0,0.0,3.61,3.61,5.086,0.05,-0.1805,3.7457
sel3,B1,crea_04,3,4.0,0.0,5.605,5.605,10.691,0.05,-0.28025000000000005,3.4654499999999997
sel3,B1,crea_04,4,4.0,0.0,3.599,3.599,14.290000000000001,0.05,-0.17995000000000003,3.2855
sel3,B1,crea_04,5,4.0,0.0,6.054,6.054,20.344,0.05,-0.3027,2.9828
sel3,B1,crea_04,6,4.0,0.0,5.516,5.516,25.86,0.05,-0.2758,2.707
sel3,B1,crea_04,7,4.0,0.0,3.959,3.959,29.819,0.05,-0.19795000000000001,2.5090500000000002
sel3,B1,crea_04,1,4.0,4.0,1.476,1.476,1.476,0.1,3.8524,3.8524
sel3,B1,crea_04,2,4.0,0.0,3.61,3.61,5.086,0.1,-0.361,3.4914
sel3,B1,crea_04,3,4.0,0.0,5.605,5.605,10.691,0.1,-0.5605000000000001,2.9309
sel3,B1,crea_04,4,4.0,0.0,3.599,3.599,14.290000000000001,0.1,-0.35990000000000005,2.5709999999999997
sel3,B1,crea_04,5,4.0,0.0,6.054,6.054,20.344,0.1,-0.6054,1.9655999999999998
sel3,B1,crea_04,6,4.0,0.0,5.516,5.516,25.86,0.1,-0.5516,1.4139999999999997
sel3,B1,crea_04,7,4.0,0.0,3.959,3.959,29.819,0.1,-0.39590000000000003,1.0181
sel3,B1,crea_04,1,4.0,4.0,1.476,1.476,1.476,0.2,3.7048,3.7048
sel3,B1,crea_04,2,4.0,0.0,3.61,3.61,5.086,0.2,-0.722,2.9828
sel3,B1,crea_04,3,4.0,0.0,5.605,5.605,10.691,0.2,-1.1210000000000002,1.8617999999999997
sel3,B1,crea_04,4,4.0,0.0,3.599,3.599,14.290000000000001,0.2,-0.7198000000000001,1.1419999999999995
sel3,B1,crea_04,5,4.0,0.0,6.054,6.054,20.344,0.2,-1.2108,-0.06880000000000042
sel3,B1,crea_04,6,4.0,0.0,5.516,5.516,25.86,0.2,-1.1032,-1.1720000000000006
sel3,B1,crea_04,7,4.0,0.0,3.959,3.959,29.819,0.2,-0.7918000000000001,-1.9638
sel3,B1,crea_04,1,4.0,4.0,1.476,1.476,1.476,0.5,3.262,3.262
sel3,B1,crea_04,2,4.0,0.0,3.61,3.61,5.086,0.5,-1.805,1.4569999999999999
sel3,B1,crea_04,3,4.0,0.0,5.605,5.605,10.691,0.5,-2.8025,-1.3455000000000004
sel3,B1,crea_04,4,4.0,0.0,3.599,3.599,14.290000000000001,0.5,-1.7995,-3.1450000000000005
sel3,B1,crea_04,5,4.0,0.0,6.054,6.054,20.344,0.5,-3.027,-6.172000000000001
sel3,B1,crea_04,6,4.0,0.0,5.516,5.516,25.86,0.5,-2.758,-8.93
sel3,B1,crea_04,7,4.0,0.0,3.959,3.959,29.819,0.5,-1.9795,-10.9095
sel3,B1,crea_05,1,5.0,5.0,0.541,0.541,0.541,0.0,5.0,5.0
sel3,B1,crea_05,2,5.0,0.0,1.676,1.676,2.217,0.0,0.0,5.0
sel3,B1,crea_05,1,5.0,5.0,0.541,0.541,0.541,0.05,4.97295,4.97295
sel3,B1,crea_05,2,5.0,0.0,1.676,1.676,2.217,0.05,-0.0838,4.88915
sel3,B1,crea_05,1,5.0,5.0,0.541,0.541,0.541,0.1,4.9459,4.9459
sel3,B1,crea_05,2,5.0,0.0,1.676,1.676,2.217,0.1,-0.1676,4.7783
sel3,B1,crea_05,1,5.0,5.0,0.541,0.541,0.541,0.2,4.8918,4.8918
sel3,B1,crea_05,2,5.0,0.0,1.676,1.676,2.217,0.2,-0.3352,4.5565999999999995
sel3,B1,crea_05,1,5.0,5.0,0.541,0.541,0.541,0.5,4.7295,4.7295
sel3,B1,crea_05,2,5.0,0.0,1.676,1.676,2.217,0.5,-0.838,3.8914999999999997
sel3,B1,fact_01,1,4.0,4.0,0.827,0.827,0.827,0.0,4.0,4.0
sel3,B1,fact_01,2,2.0,-2.0,1.772,1.772,2.599,0.0,-2.0,2.0
sel3,B1,fact_01,3,2.0,0.0,3.343,3.343,5.942,0.0,0.0,2.0
sel3,B1,fact_01,1,4.0,4.0,0.827,0.827,0.827,0.05,3.95865,3.95865
sel3,B1,fact_01,2,2.0,-2.0,1.772,1.772,2.599,0.05,-2.0886,1.87005
sel3,B1,fact_01,3,2.0,0.0,3.343,3.343,5.942,0.05,-0.16715000000000002,1.7029
sel3,B1,fact_01,1,4.0,4.0,0.827,0.827,0.827,0.1,3.9173,3.9173
sel3,B1,fact_01,2,2.0,-2.0,1.772,1.772,2.599,0.1,-2.1772,1.7401
sel3,B1,fact_01,3,2.0,0.0,3.343,3.343,5.942,0.1,-0.33430000000000004,1.4058
sel3,B1,fact_01,1,4.0,4.0,0.827,0.827,0.827,0.2,3.8346,3.8346
sel3,B1,fact_01,2,2.0,-2.0,1.772,1.772,2.599,0.2,-2.3544,1.4802
sel3,B1,fact_01,3,2.0,0.0,3.343,3.343,5.942,0.2,-0.6686000000000001,0.8115999999999999
sel3,B1,fact_01,1,4.0,4.0,0.827,0.827,0.827,0.5,3.5865,3.5865
sel3,B1,fact_01,2,2.0,-2.0,1.772,1.772,2.599,0.5,-2.886,0.7004999999999999
sel3,B1,fact_01,3,2.0,0.0,3.343,3.343,5.942,0.5,-1.6715,-0.9710000000000001
sel3,B1,fact_02,1,4.0,4.0,0.4,0.4,0.4,0.0,4.0,4.0
sel3,B1,fact_02,2,4.0,0.0,1.061,1.061,1.4609999999999999,0.0,0.0,4.0
sel3,B1,fact_02,1,4.0,4.0,0.4,0.4,0.4,0.05,3.98,3.98
sel3,B1,fact_02,2,4.0,0.0,1.061,1.061,1.4609999999999999,0.05,-0.05305,3.92695
sel3,B1,fact_02,1,4.0,4.0,0.4,0.4,0.4,0.1,3.96,3.96
sel3,B1,fact_02,2,4.0,0.0,1.061,1.061,1.4609999999999999,0.1,-0.1061,3.8539
sel3,B1,fact_02,1,4.0,4.0,0.4,0.4,0.4,0.2,3.92,3.92
sel3,B1,fact_02,2,4.0,0.0,1.061,1.061,1.4609999999999999,0.2,-0.2122,3.7078
sel3,B1,fact_02,1,4.0,4.0,0.4,0.4,0.4,0.5,3.8,3.8
sel3,B1,fact_02,2,4.0,0.0,1.061,1.061,1.4609999999999999,0.5,-0.5305,3.2695
sel3,B1,fact_03,1,4.0,4.0,1.583,1.583,1.583,0.0,4.0,4.0
sel3,B1,fact_03,2,3.0,-1.0,3.279,3.279,4.862,0.0,-1.0,3.0
sel3,B1,fact_03,3,2.0,-1.0,5.405,5.405,10.267,0.0,-1.0,2.0
sel3,B1,fact_03,1,4.0,4.0,1.583,1.583,1.583,0.05,3.92085,3.92085
sel3,B1,fact_03,2,3.0,-1.0,3.279,3.279,4.862,0.05,-1.16395,2.7569
sel3,B1,fact_03,3,2.0,-1.0,5.405,5.405,10.267,0.05,-1.27025,1.48665
sel3,B1,fact_03,1,4.0,4.0,1.583,1.583,1.583,0.1,3.8417,3.8417
sel3,B1,fact_03,2,3.0,-1.0,3.279,3.279,4.862,0.1,-1.3279,2.5138
sel3,B1,fact_03,3,2.0,-1.0,5.405,5.405,10.267,0.1,-1.5405000000000002,0.9733
sel3,B1,fact_03,1,4.0,4.0,1.583,1.583,1.583,0.2,3.6834,3.6834
sel3,B1,fact_03,2,3.0,-1.0,3.279,3.279,4.862,0.2,-1.6558000000000002,2.0276
sel3,B1,fact_03,3,2.0,-1.0,5.405,5.405,10.267,0.2,-2.0810000000000004,-0.05339999999999989
sel3,B1,fact_03,1,4.0,4.0,1.583,1.583,1.583,0.5,3.2085,3.2085
sel3,B1,fact_03,2,3.0,-1.0,3.279,3.279,4.862,0.5,-2.6395,0.569
sel3,B1,fact_03,3,2.0,-1.0,5.405,5.405,10.267,0.5,-3.7025,-3.1334999999999997
sel3,B1,fact_04,1,5.0,5.0,0.901,0.901,0.901,0.0,5.0,5.0
sel3,B1,fact_04,2,5.0,0.0,1.551,1.551,2.452,0.0,0.0,5.0
sel3,B1,fact_04,1,5.0,5.0,0.901,0.901,0.901,0.05,4.95495,4.95495
sel3,B1,fact_04,2,5.0,0.0,1.551,1.551,2.452,0.05,-0.07755000000000001,4.8774
sel3,B1,fact_04,1,5.0,5.0,0.901,0.901,0.901,0.1,4.9099,4.9099
sel3,B1,fact_04,2,5.0,0.0,1.551,1.551,2.452,0.1,-0.15510000000000002,4.7548
sel3,B1,fact_04,1,5.0,5.0,0.901,0.901,0.901,0.2,4.8198,4.8198
sel3,B1,fact_04,2,5.0,0.0,1.551,1.551,2.452,0.2,-0.31020000000000003,4.5096
sel3,B1,fact_04,1,5.0,5.0,0.901,0.901,0.901,0.5,4.5495,4.5495
sel3,B1,fact_04,2,5.0,0.0,1.551,1.551,2.452,0.5,-0.7755,3.774
sel3,B1,fact_05,1,4.0,4.0,1.966,1.966,1.966,0.0,4.0,4.0
sel3,B1,fact_05,2,4.0,0.0,3.659,3.659,5.625,0.0,0.0,4.0
sel3,B1,fact_05,3,3.0,-1.0,5.192,5.192,10.817,0.0,-1.0,3.0
sel3,B1,fact_05,1,4.0,4.0,1.966,1.966,1.966,0.05,3.9017,3.9017
sel3,B1,fact_05,2,4.0,0.0,3.659,3.659,5.625,0.05,-0.18295,3.71875
sel3,B1,fact_05,3,3.0,-1.0,5.192,5.192,10.817,0.05,-1.2596,2.45915
sel3,B1,fact_05,1,4.0,4.0,1.966,1.966,1.966,0.1,3.8034,3.8034
sel3,B1,fact_05,2,4.0,0.0,3.659,3.659,5.625,0.1,-0.3659,3.4375
sel3,B1,fact_05,3,3.0,-1.0,5.192,5.192,10.817,0.1,-1.5192,1.9183
sel3,B1,fact_05,1,4.0,4.0,1.966,1.966,1.966,0.2,3.6068,3.6068
sel3,B1,fact_05,2,4.0,0.0,3.659,3.659,5.625,0.2,-0.7318,2.875
sel3,B1,fact_05,3,3.0,-1.0,5.192,5.192,10.817,0.2,-2.0384,0.8365999999999998
sel3,B1,fact_05,1,4.0,4.0,1.966,1.966,1.966,0.5,3.017,3.017
sel3,B1,fact_05,2,4.0,0.0,3.659,3.659,5.625,0.5,-1.8295,1.1875
sel3,B1,fact_05,3,3.0,-1.0,5.192,5.192,10.817,0.5,-3.596,-2.4085
sel3,B1,tech_01,1,3.0,3.0,9.935,9.935,9.935,0.0,3.0,3.0
sel3,B1,tech_01,2,2.0,-1.0,4.503,4.503,14.438,0.0,-1.0,2.0
sel3,B1,tech_01,3,2.0,0.0,4.204,4.204,18.642,0.0,0.0,2.0
sel3,B1,tech_01,1,3.0,3.0,9.935,9.935,9.935,0.05,2.50325,2.50325
sel3,B1,tech_01,2,2.0,-1.0,4.503,4.503,14.438,0.05,-1.22515,1.2780999999999998
sel3,B1,tech_01,3,2.0,0.0,4.204,4.204,18.642,0.05,-0.2102,1.0678999999999998
sel3,B1,tech_01,1,3.0,3.0,9.935,9.935,9.935,0.1,2.0065,2.0065
sel3,B1,tech_01,2,2.0,-1.0,4.503,4.503,14.438,0.1,-1.4503,0.5561999999999998
sel3,B1,tech_01,3,2.0,0.0,4.204,4.204,18.642,0.1,-0.4204,0.13579999999999992
sel3,B1,tech_01,1,3.0,3.0,9.935,9.935,9.935,0.2,1.013,1.013
sel3,B1,tech_01,2,2.0,-1.0,4.503,4.503,14.438,0.2,-1.9006,-0.8876000000000004
sel3,B1,tech_01,3,2.0,0.0,4.204,4.204,18.642,0.2,-0.8408,-1.7284000000000002
sel3,B1,tech_01,1,3.0,3.0,9.935,9.935,9.935,0.5,-1.9675000000000002,-1.9675000000000002
sel3,B1,tech_01,2,2.0,-1.0,4.503,4.503,14.438,0.5,-3.2515,-5.219
sel3,B1,tech_01,3,2.0,0.0,4.204,4.204,18.642,0.5,-2.102,-7.321
sel3,B1,tech_02,1,3.0,3.0,4.616,4.616,4.616,0.0,3.0,3.0
sel3,B1,tech_02,2,3.0,0.0,2.896,2.896,7.512,0.0,0.0,3.0
sel3,B1,tech_02,3,3.0,0.0,3.715,3.715,11.227,0.0,0.0,3.0
sel3,B1,tech_02,1,3.0,3.0,4.616,4.616,4.616,0.05,2.7692,2.7692
sel3,B1,tech_02,2,3.0,0.0,2.896,2.896,7.512,0.05,-0.1448,2.6244
sel3,B1,tech_02,3,3.0,0.0,3.715,3.715,11.227,0.05,-0.18575,2.43865
sel3,B1,tech_02,1,3.0,3.0,4.616,4.616,4.616,0.1,2.5384,2.5384
sel3,B1,tech_02,2,3.0,0.0,2.896,2.896,7.512,0.1,-0.2896,2.2488
sel3,B1,tech_02,3,3.0,0.0,3.715,3.715,11.227,0.1,-0.3715,1.8773
sel3,B1,tech_02,1,3.0,3.0,4.616,4.616,4.616,0.2,2.0768,2.0768
sel3,B1,tech_02,2,3.0,0.0,2.896,2.896,7.512,0.2,-0.5792,1.4976
sel3,B1,tech_02,3,3.0,0.0,3.715,3.715,11.227,0.2,-0.743,0.7545999999999999
sel3,B1,tech_02,1,3.0,3.0,4.616,4.616,4.616,0.5,0.6920000000000002,0.6920000000000002
sel3,B1,tech_02,2,3.0,0.0,2.896,2.896,7.512,0.5,-1.448,-0.7559999999999998
sel3,B1,tech_02,3,3.0,0.0,3.715,3.715,11.227,0.5,-1.8575,-2.6135
sel3,B1,tech_03,1,3.0,3.0,2.955,2.955,2.955,0.0,3.0,3.0
sel3,B1,tech_03,2,2.0,-1.0,6.748,6.748,9.703,0.0,-1.0,2.0
sel3,B1,tech_03,3,2.0,0.0,1.273,1.273,10.975999999999999,0.0,0.0,2.0
sel3,B1,tech_03,1,3.0,3.0,2.955,2.955,2.955,0.05,2.85225,2.85225
sel3,B1,tech_03,2,2.0,-1.0,6.748,6.748,9.703,0.05,-1.3374000000000001,1.51485
sel3,B1,tech_03,3,2.0,0.0,1.273,1.273,10.975999999999999,0.05,-0.06365,1.4512
sel3,B1,tech_03,1,3.0,3.0,2.955,2.955,2.955,0.1,2.7045,2.7045
sel3,B1,tech_03,2,2.0,-1.0,6.748,6.748,9.703,0.1,-1.6748,1.0297
sel3,B1,tech_03,3,2.0,0.0,1.273,1.273,10.975999999999999,0.1,-0.1273,0.9024000000000001
sel3,B1,tech_03,1,3.0,3.0,2.955,2.955,2.955,0.2,2.409,2.409
sel3,B1,tech_03,2,2.0,-1.0,6.748,6.748,9.703,0.2,-2.3496,0.05940000000000012
sel3,B1,tech_03,3,2.0,0.0,1.273,1.273,10.975999999999999,0.2,-0.2546,-0.19519999999999982
sel3,B1,tech_03,1,3.0,3.0,2.955,2.955,2.955,0.5,1.5225,1.5225
sel3,B1,tech_03,2,2.0,-1.0,6.748,6.748,9.703,0.5,-4.3740000000000006,-2.8514999999999997
sel3,B1,tech_03,3,2.0,0.0,1.273,1.273,10.975999999999999,0.5,-0.6365,-3.4879999999999995
sel3,B1,tech_04,1,3.0,3.0,4.656,4.656,4.656,0.0,3.0,3.0
sel3,B1,tech_04,2,2.0,-1.0,2.364,2.364,7.02,0.0,-1.0,2.0
sel3,B1,tech_04,3,2.0,0.0,2.73,2.73,9.75,0.0,0.0,2.0
sel3,B1,tech_04,1,3.0,3.0,4.656,4.656,4.656,0.05,2.7672,2.7672
sel3,B1,tech_04,2,2.0,-1.0,2.364,2.364,7.02,0.05,-1.1182,1.649
sel3,B1,tech_04,3,2.0,0.0,2.73,2.73,9.75,0.05,-0.1365,1.5125
sel3,B1,tech_04,1,3.0,3.0,4.656,4.656,4.656,0.1,2.5343999999999998,2.5343999999999998
sel3,B1,tech_04,2,2.0,-1.0,2.364,2.364,7.02,0.1,-1.2364,1.298
sel3,B1,tech_04,3,2.0,0.0,2.73,2.73,9.75,0.1,-0.273,1.025
sel3,B1,tech_04,1,3.0,3.0,4.656,4.656,4.656,0.2,2.0688,2.0688
sel3,B1,tech_04,2,2.0,-1.0,2.364,2.364,7.02,0.2,-1.4727999999999999,0.5960000000000001
sel3,B1,tech_04,3,2.0,0.0,2.73,2.73,9.75,0.2,-0.546,0.04999999999999982
sel3,B1,tech_04,1,3.0,3.0,4.656,4.656,4.656,0.5,0.6720000000000002,0.6720000000000002
sel3,B1,tech_04,2,2.0,-1.0,2.364,2.364,7.02,0.5,-2.182,-1.5099999999999998
sel3,B1,tech_04,3,2.0,0.0,2.73,2.73,9.75,0.5,-1.365,-2.875
sel3,B1,tech_05,1,3.0,3.0,6.933,6.933,6.933,0.0,3.0,3.0
sel3,B1,tech_05,2,2.0,-1.0,2.936,2.936,9.869,0.0,-1.0,2.0
sel3,B1,tech_05,3,2.0,0.0,7.752,7.752,17.621,0.0,0.0,2.0
sel3,B1,tech_05,1,3.0,3.0,6.933,6.933,6.933,0.05,2.65335,2.65335
sel3,B1,tech_05,2,2.0,-1.0,2.936,2.936,9.869,0.05,-1.1468,1.50655
sel3,B1,tech_05,3,2.0,0.0,7.752,7.752,17.621,0.05,-0.3876,1.11895
sel3,B1,tech_05,1,3.0,3.0,6.933,6.933,6.933,0.1,2.3067,2.3067
sel3,B1,tech_05,2,2.0,-1.0,2.936,2.936,9.869,0.1,-1.2936,1.0131000000000001
sel3,B1,tech_05,3,2.0,0.0,7.752,7.752,17.621,0.1,-0.7752,0.2379
sel3,B1,tech_05,1,3.0,3.0,6.933,6.933,6.933,0.2,1.6134,1.6134
sel3,B1,tech_05,2,2.0,-1.0,2.936,2.936,9.869,0.2,-1.5872000000000002,0.0262
sel3,B1,tech_05,3,2.0,0.0,7.752,7.752,17.621,0.2,-1.5504,-1.5242
sel3,B1,tech_05,1,3.0,3.0,6.933,6.933,6.933,0.5,-0.4664999999999999,-0.4664999999999999
sel3,B1,tech_05,2,2.0,-1.0,2.936,2.936,9.869,0.5,-2.468,-2.9345
sel3,B1,tech_05,3,2.0,0.0,7.752,7.752,17.621,0.5,-3.876,-6.810499999999999
swm3,B2,anal_01,1,4.0,4.0,0.381,0.381,0.381,0.0,4.0,4.0
swm3,B2,anal_01,1,4.0,4.0,0.381,0.381,0.381,0.05,3.98095,3.98095
swm3,B2,anal_01,1,4.0,4.0,0.381,0.381,0.381,0.1,3.9619,3.9619
swm3,B2,anal_01,1,4.0,4.0,0.381,0.381,0.381,0.2,3.9238,3.9238
swm3,B2,anal_01,1,4.0,4.0,0.381,0.381,0.381,0.5,3.8095,3.8095
swm3,B2,anal_02,1,4.0,4.0,0.369,0.369,0.369,0.0,4.0,4.0
swm3,B2,anal_02,1,4.0,4.0,0.369,0.369,0.369,0.05,3.98155,3.98155
swm3,B2,anal_02,1,4.0,4.0,0.369,0.369,0.369,0.1,3.9631,3.9631
swm3,B2,anal_02,1,4.0,4.0,0.369,0.369,0.369,0.2,3.9262,3.9262
swm3,B2,anal_02,1,4.0,4.0,0.369,0.369,0.369,0.5,3.8155,3.8155
swm3,B2,anal_03,1,4.0,4.0,0.442,0.442,0.442,0.0,4.0,4.0
swm3,B2,anal_03,1,4.0,4.0,0.442,0.442,0.442,0.05,3.9779,3.9779
swm3,B2,anal_03,1,4.0,4.0,0.442,0.442,0.442,0.1,3.9558,3.9558
swm3,B2,anal_03,1,4.0,4.0,0.442,0.442,0.442,0.2,3.9116,3.9116
swm3,B2,anal_03,1,4.0,4.0,0.442,0.442,0.442,0.5,3.779,3.779
swm3,B2,anal_04,1,4.0,4.0,0.454,0.454,0.454,0.0,4.0,4.0
swm3,B2,anal_04,1,4.0,4.0,0.454,0.454,0.454,0.05,3.9773,3.9773
swm3,B2,anal_04,1,4.0,4.0,0.454,0.454,0.454,0.1,3.9546,3.9546
swm3,B2,anal_04,1,4.0,4.0,0.454,0.454,0.454,0.2,3.9092,3.9092
swm3,B2,anal_04,1,4.0,4.0,0.454,0.454,0.454,0.5,3.773,3.773
swm3,B2,anal_05,1,4.0,4.0,0.432,0.432,0.432,0.0,4.0,4.0
swm3,B2,anal_05,1,4.0,4.0,0.432,0.432,0.432,0.05,3.9784,3.9784
swm3,B2,anal_05,1,4.0,4.0,0.432,0.432,0.432,0.1,3.9568,3.9568
swm3,B2,anal_05,1,4.0,4.0,0.432,0.432,0.432,0.2,3.9136,3.9136
swm3,B2,anal_05,1,4.0,4.0,0.432,0.432,0.432,0.5,3.784,3.784
swm3,B2,crea_01,1,5.0,5.0,0.382,0.382,0.382,0.0,5.0,5.0
swm3,B2,crea_01,1,5.0,5.0,0.382,0.382,0.382,0.05,4.9809,4.9809
swm3,B2,crea_01,1,5.0,5.0,0.382,0.382,0.382,0.1,4.9618,4.9618
swm3,B2,crea_01,1,5.0,5.0,0.382,0.382,0.382,0.2,4.9236,4.9236
swm3,B2,crea_01,1,5.0,5.0,0.382,0.382,0.382,0.5,4.809,4.809
swm3,B2,crea_02,1,4.0,4.0,0.23,0.23,0.23,0.0,4.0,4.0
swm3,B2,crea_02,1,4.0,4.0,0.23,0.23,0.23,0.05,3.9885,3.9885
swm3,B2,crea_02,1,4.0,4.0,0.23,0.23,0.23,0.1,3.977,3.977
swm3,B2,crea_02,1,4.0,4.0,0.23,0.23,0.23,0.2,3.954,3.954
swm3,B2,crea_02,1,4.0,4.0,0.23,0.23,0.23,0.5,3.885,3.885
swm3,B2,crea_03,1,5.0,5.0,0.338,0.338,0.338,0.0,5.0,5.0
swm3,B2,crea_03,1,5.0,5.0,0.338,0.338,0.338,0.05,4.9831,4.9831
swm3,B2,crea_03,1,5.0,5.0,0.338,0.338,0.338,0.1,4.9662,4.9662
swm3,B2,crea_03,1,5.0,5.0,0.338,0.338,0.338,0.2,4.9324,4.9324
swm3,B2,crea_03,1,5.0,5.0,0.338,0.338,0.338,0.5,4.831,4.831
swm3,B2,crea_04,1,5.0,5.0,0.458,0.458,0.458,0.0,5.0,5.0
swm3,B2,crea_04,1,5.0,5.0,0.458,0.458,0.458,0.05,4.9771,4.9771
swm3,B2,crea_04,1,5.0,5.0,0.458,0.458,0.458,0.1,4.9542,4.9542
swm3,B2,crea_04,1,5.0,5.0,0.458,0.458,0.458,0.2,4.9084,4.9084
swm3,B2,crea_04,1,5.0,5.0,0.458,0.458,0.458,0.5,4.771,4.771
swm3,B2,crea_05,1,5.0,5.0,0.543,0.543,0.543,0.0,5.0,5.0
swm3,B2,crea_05,2,4.0,-1.0,1.078,1.078,1.621,0.0,-1.0,4.0
swm3,B2,crea_05,1,5.0,5.0,0.543,0.543,0.543,0.05,4.97285,4.97285
swm3,B2,crea_05,2,4.0,-1.0,1.078,1.078,1.621,0.05,-1.0539,3.91895
swm3,B2,crea_05,1,5.0,5.0,0.543,0.543,0.543,0.1,4.9457,4.9457
swm3,B2,crea_05,2,4.0,-1.0,1.078,1.078,1.621,0.1,-1.1078000000000001,3.8379
swm3,B2,crea_05,1,5.0,5.0,0.543,0.543,0.543,0.2,4.8914,4.8914
swm3,B2,crea_05,2,4.0,-1.0,1.078,1.078,1.621,0.2,-1.2156,3.6757999999999997
swm3,B2,crea_05,1,5.0,5.0,0.543,0.543,0.543,0.5,4.7285,4.7285
swm3,B2,crea_05,2,4.0,-1.0,1.078,1.078,1.621,0.5,-1.5390000000000001,3.1895
swm3,B2,fact_01,1,4.0,4.0,0.339,0.339,0.339,0.0,4.0,4.0
swm3,B2,fact_01,1,4.0,4.0,0.339,0.339,0.339,0.05,3.98305,3.98305
swm3,B2,fact_01,1,4.0,4.0,0.339,0.339,0.339,0.1,3.9661,3.9661
swm3,B2,fact_01,1,4.0,4.0,0.339,0.339,0.339,0.2,3.9322,3.9322
swm3,B2,fact_01,1,4.0,4.0,0.339,0.339,0.339,0.5,3.8305,3.8305
swm3,B2,fact_02,1,5.0,5.0,0.304,0.304,0.304,0.0,5.0,5.0
swm3,B2,fact_02,1,5.0,5.0,0.304,0.304,0.304,0.05,4.9848,4.9848
swm3,B2,fact_02,1,5.0,5.0,0.304,0.304,0.304,0.1,4.9696,4.9696
swm3,B2,fact_02,1,5.0,5.0,0.304,0.304,0.304,0.2,4.9392,4.9392
swm3,B2,fact_02,1,5.0,5.0,0.304,0.304,0.304,0.5,4.848,4.848
swm3,B2,fact_03,1,4.0,4.0,0.331,0.331,0.331,0.0,4.0,4.0
swm3,B2,fact_03,2,3.0,-1.0,0.0,0.0,0.331,0.0,-1.0,3.0
swm3,B2,fact_03,1,4.0,4.0,0.331,0.331,0.331,0.05,3.98345,3.98345
swm3,B2,fact_03,2,3.0,-1.0,0.0,0.0,0.331,0.05,-1.0,2.98345
swm3,B2,fact_03,1,4.0,4.0,0.331,0.331,0.331,0.1,3.9669,3.9669
swm3,B2,fact_03,2,3.0,-1.0,0.0,0.0,0.331,0.1,-1.0,2.9669
swm3,B2,fact_03,1,4.0,4.0,0.331,0.331,0.331,0.2,3.9338,3.9338
swm3,B2,fact_03,2,3.0,-1.0,0.0,0.0,0.331,0.2,-1.0,2.9338
swm3,B2,fact_03,1,4.0,4.0,0.331,0.331,0.331,0.5,3.8345,3.8345
swm3,B2,fact_03,2,3.0,-1.0,0.0,0.0,0.331,0.5,-1.0,2.8345
swm3,B2,fact_04,1,5.0,5.0,0.32,0.32,0.32,0.0,5.0,5.0
swm3,B2,fact_04,1,5.0,5.0,0.32,0.32,0.32,0.05,4.984,4.984
swm3,B2,fact_04,1,5.0,5.0,0.32,0.32,0.32,0.1,4.968,4.968
swm3,B2,fact_04,1,5.0,5.0,0.32,0.32,0.32,0.2,4.936,4.936
swm3,B2,fact_04,1,5.0,5.0,0.32,0.32,0.32,0.5,4.84,4.84
swm3,B2,fact_05,1,5.0,5.0,0.418,0.418,0.418,0.0,5.0,5.0
swm3,B2,fact_05,1,5.0,5.0,0.418,0.418,0.418,0.05,4.9791,4.9791
swm3,B2,fact_05,1,5.0,5.0,0.418,0.418,0.418,0.1,4.9582,4.9582
swm3,B2,fact_05,1,5.0,5.0,0.418,0.418,0.418,0.2,4.9164,4.9164
swm3,B2,fact_05,1,5.0,5.0,0.418,0.418,0.418,0.5,4.791,4.791
swm3,B2,tech_01,1,3.0,3.0,0.385,0.385,0.385,0.0,3.0,3.0
swm3,B2,tech_01,1,3.0,3.0,0.385,0.385,0.385,0.05,2.98075,2.98075
swm3,B2,tech_01,1,3.0,3.0,0.385,0.385,0.385,0.1,2.9615,2.9615
swm3,B2,tech_01,1,3.0,3.0,0.385,0.385,0.385,0.2,2.923,2.923
swm3,B2,tech_01,1,3.0,3.0,0.385,0.385,0.385,0.5,2.8075,2.8075
swm3,B2,tech_02,1,4.0,4.0,0.42,0.42,0.42,0.0,4.0,4.0
swm3,B2,tech_02,1,4.0,4.0,0.42,0.42,0.42,0.05,3.979,3.979
swm3,B2,tech_02,1,4.0,4.0,0.42,0.42,0.42,0.1,3.958,3.958
swm3,B2,tech_02,1,4.0,4.0,0.42,0.42,0.42,0.2,3.916,3.916
swm3,B2,tech_02,1,4.0,4.0,0.42,0.42,0.42,0.5,3.79,3.79
swm3,B2,tech_03,1,4.0,4.0,0.415,0.415,0.415,0.0,4.0,4.0
swm3,B2,tech_03,1,4.0,4.0,0.415,0.415,0.415,0.05,3.97925,3.97925
swm3,B2,tech_03,1,4.0,4.0,0.415,0.415,0.415,0.1,3.9585,3.9585
swm3,B2,tech_03,1,4.0,4.0,0.415,0.415,0.415,0.2,3.917,3.917
swm3,B2,tech_03,1,4.0,4.0,0.415,0.415,0.415,0.5,3.7925,3.7925
swm3,B2,tech_04,1,2.0,2.0,0.373,0.373,0.373,0.0,2.0,2.0
swm3,B2,tech_04,2,2.0,0.0,0.0,0.0,0.373,0.0,0.0,2.0
swm3,B2,tech_04,3,2.0,0.0,0.0,0.0,0.373,0.0,0.0,2.0
swm3,B2,tech_04,4,2.0,0.0,2.369,2.369,2.742,0.0,0.0,2.0
swm3,B2,tech_04,1,2.0,2.0,0.373,0.373,0.373,0.05,1.98135,1.98135
swm3,B2,tech_04,2,2.0,0.0,0.0,0.0,0.373,0.05,0.0,1.98135
swm3,B2,tech_04,3,2.0,0.0,0.0,0.0,0.373,0.05,0.0,1.98135
swm3,B2,tech_04,4,2.0,0.0,2.369,2.369,2.742,0.05,-0.11845000000000001,1.8629
swm3,B2,tech_04,1,2.0,2.0,0.373,0.373,0.373,0.1,1.9627,1.9627
swm3,B2,tech_04,2,2.0,0.0,0.0,0.0,0.373,0.1,0.0,1.9627
swm3,B2,tech_04,3,2.0,0.0,0.0,0.0,0.373,0.1,0.0,1.9627
swm3,B2,tech_04,4,2.0,0.0,2.369,2.369,2.742,0.1,-0.23690000000000003,1.7258
swm3,B2,tech_04,1,2.0,2.0,0.373,0.373,0.373,0.2,1.9254,1.9254
swm3,B2,tech_04,2,2.0,0.0,0.0,0.0,0.373,0.2,0.0,1.9254
swm3,B2,tech_04,3,2.0,0.0,0.0,0.0,0.373,0.2,0.0,1.9254
swm3,B2,tech_04,4,2.0,0.0,2.369,2.369,2.742,0.2,-0.47380000000000005,1.4516
swm3,B2,tech_04,1,2.0,2.0,0.373,0.373,0.373,0.5,1.8135,1.8135
swm3,B2,tech_04,2,2.0,0.0,0.0,0.0,0.373,0.5,0.0,1.8135
swm3,B2,tech_04,3,2.0,0.0,0.0,0.0,0.373,0.5,0.0,1.8135
swm3,B2,tech_04,4,2.0,0.0,2.369,2.369,2.742,0.5,-1.1845,0.629
swm3,B2,tech_05,1,3.0,3.0,0.454,0.454,0.454,0.0,3.0,3.0
swm3,B2,tech_05,1,3.0,3.0,0.454,0.454,0.454,0.05,2.9773,2.9773
swm3,B2,tech_05,1,3.0,3.0,0.454,0.454,0.454,0.1,2.9546,2.9546
swm3,B2,tech_05,1,3.0,3.0,0.454,0.454,0.454,0.2,2.9092,2.9092
swm3,B2,tech_05,1,3.0,3.0,0.454,0.454,0.454,0.5,2.773,2.773
