pattern,task_id,category,lambda_val,baseline_turns,adaptive_turns,turn_reduction,baseline_tokens,adaptive_tokens,cost_savings,stopped_by
rr3,sci_01,A,0.0,4,4,0.0,7937,5757,0.27466297089580444,
rr3,sci_02,A,0.0,4,4,0.0,10665,9122,0.14467885607126113,
rr3,sci_03,A,0.0,4,11,-1.75,7932,47151,-4.944402420574886,
rr3,cs_01,A,0.0,4,14,-2.5,6800,55763,-7.200441176470588,
rr3,cs_02,A,0.0,4,11,-1.75,11775,31253,-1.6541825902335456,
rr3,cs_03,A,0.0,4,16,-3.0,7892,25438,-2.2232640648758237,
rr3,hist_01,A,0.0,4,4,0.0,4162,4197,-0.008409418548774628,
rr3,hist_02,A,0.0,10,4,0.6,28718,5238,0.8176056828469949,
rr3,hist_03,A,0.0,7,5,0.2857142857142857,19712,16637,0.1559963474025974,
rr3,phil_01,A,0.0,4,12,-2.0,4135,36247,-7.76590084643289,
rr3,phil_02,A,0.0,4,16,-3.0,7829,42683,-4.451909566994508,
rr3,phil_03,A,0.0,4,6,-0.5,7860,19988,-1.543002544529262,
rr3,law_01,A,0.0,4,7,-0.75,6710,16526,-1.4628912071535023,
rr3,law_02,A,0.0,4,5,-0.25,11995,24798,-1.0673614005835765,
rr3,law_03,A,0.0,4,5,-0.25,10096,16403,-0.624702852614897,
rr3,game_01,A,0.0,4,4,0.0,8743,7108,0.18700674825574745,
rr3,game_02,A,0.0,4,9,-1.25,18053,58758,-2.2547499030632028,
rr3,game_03,A,0.0,4,12,-2.0,10042,100254,-8.983469428400717,
rr3,eng_01,A,0.0,4,6,-0.5,11450,16511,-0.44200873362445414,
rr3,eng_02,A,0.0,4,5,-0.25,10969,12583,-0.14714194548272405,
rr3,eng_03,A,0.0,7,13,-0.8571428571428571,20396,29674,-0.4548931162973132,
rr3,biz_01,A,0.0,4,6,-0.5,9934,17249,-0.7363599758405476,
rr3,biz_02,A,0.0,4,9,-1.25,9594,24835,-1.588597039816552,
rr3,biz_03,A,0.0,7,6,0.14285714285714285,26855,22330,0.16849748650158258,
rr3,med_01,A,0.0,4,15,-2.75,8402,59459,-6.076767436324684,
sel3,sci_01,B1,0.0,4,6,-0.5,4959,15301,-2.0855011090945754,
sel3,sci_02,B1,0.0,4,6,-0.5,10768,21262,-0.9745542347696879,
sel3,sci_03,B1,0.0,3,6,-1.0,4014,19697,-3.9070752366716492,
sel3,cs_01,B1,0.0,4,4,0.0,9006,8215,0.0878303353320009,
sel3,cs_02,B1,0.0,4,11,-1.75,9012,54771,-5.077563249001331,
sel3,cs_03,B1,0.0,4,4,0.0,12042,10910,0.09400431821956486,
sel3,hist_01,B1,0.0,3,9,-2.0,1492,19017,-11.745978552278821,
sel3,hist_02,B1,0.0,4,6,-0.5,4097,13406,-2.2721503539175005,
sel3,hist_03,B1,0.0,4,7,-0.75,9085,16718,-0.8401761144744083,
sel3,phil_01,B1,0.0,3,4,-0.3333333333333333,2251,3786,-0.6819191470457574,
sel3,phil_02,B1,0.0,4,4,0.0,8702,7709,0.1141116984601241,
sel3,phil_03,B1,0.0,5,7,-0.4,10536,20071,-0.9049924069855733,
sel3,law_01,B1,0.0,3,7,-1.3333333333333333,2016,17138,-7.500992063492063,
sel3,law_02,B1,0.0,3,7,-1.3333333333333333,5654,26550,-3.695790590732225,
sel3,law_03,B1,0.0,4,5,-0.25,12952,19555,-0.5098054354539839,
sel3,game_01,B1,0.0,3,5,-0.6666666666666666,3156,16310,-4.167934093789607,
sel3,game_02,B1,0.0,4,8,-1.0,14399,39306,-1.7297729008958955,
sel3,game_03,B1,0.0,4,5,-0.25,13176,15410,-0.16955069823922284,
sel3,eng_01,B1,0.0,4,7,-0.75,9135,27763,-2.039189928845101,
sel3,eng_02,B1,0.0,4,5,-0.25,14731,24476,-0.6615301065779648,
sel3,eng_03,B1,0.0,4,5,-0.25,9457,15319,-0.6198583060167072,
sel3,biz_01,B1,0.0,4,6,-0.5,9081,25217,-1.7768968175311088,
sel3,biz_02,B1,0.0,3,8,-1.6666666666666667,4138,25766,-5.226679555340744,
sel3,biz_03,B1,0.0,3,7,-1.3333333333333333,4629,25691,-4.550010801469,
sel3,med_01,B1,0.0,4,6,-0.5,9045,13884,-0.5349917081260365,
swm3,sci_01,B2,0.0,28,10,0.6428571428571429,6514,1932,0.7034080442124655,
swm3,sci_02,B2,0.0,5,11,-1.2,2755,17595,-5.386569872958257,
swm3,sci_03,B2,0.0,5,11,-1.2,1680,28442,-15.929761904761905,
swm3,cs_01,B2,0.0,28,10,0.6428571428571429,8151,1822,0.7764691448901975,
swm3,cs_02,B2,0.0,28,10,0.6428571428571429,9381,2684,0.7138897772092527,
swm3,cs_03,B2,0.0,5,10,-1.0,1945,2417,-0.24267352185089974,
swm3,hist_01,B2,0.0,5,7,-0.4,1705,4971,-1.9155425219941349,
swm3,hist_02,B2,0.0,5,13,-1.6,1399,25277,-17.067905646890637,
swm3,hist_03,B2,0.0,5,9,-0.8,1239,18472,-13.908797417271993,
swm3,phil_01,B2,0.0,5,19,-2.8,1300,25647,-18.728461538461538,
swm3,phil_02,B2,0.0,5,12,-1.4,2438,23990,-8.840032813781788,
swm3,phil_03,B2,0.0,5,10,-1.0,1812,25476,-13.059602649006623,
swm3,law_01,B2,0.0,5,14,-1.8,1910,16678,-7.731937172774869,
swm3,law_02,B2,0.0,5,8,-0.6,1943,22003,-10.324240864642306,
swm3,law_03,B2,0.0,5,9,-0.8,3056,23779,-6.781086387434555,
swm3,game_01,B2,0.0,5,12,-1.4,1906,25480,-12.368310598111227,
swm3,game_02,B2,0.0,5,8,-0.6,5210,30691,-4.890786948176584,
swm3,game_03,B2,0.0,5,8,-0.6,2248,14822,-5.593416370106762,
swm3,eng_01,B2,0.0,28,14,0.5,7017,29175,-3.1577597263787944,
swm3,eng_02,B2,0.0,28,10,0.6428571428571429,7439,2576,0.6537168974324506,
swm3,eng_03,B2,0.0,5,19,-2.8,2426,59112,-23.36603462489695,
swm3,biz_01,B2,0.0,5,10,-1.0,1581,19476,-11.318785578747628,
swm3,biz_02,B2,0.0,5,11,-1.2,2023,26511,-12.104794859120119,
swm3,biz_03,B2,0.0,5,10,-1.0,1703,22571,-12.253669994128009,
swm3,med_01,B2,0.0,5,13,-1.6,1788,40150,-21.45525727069351,
refl2,sci_01,C,0.0,3,6,-1.0,2056,9373,-3.558852140077821,
refl2,sci_02,C,0.0,3,6,-1.0,3153,13764,-3.3653663177925783,
refl2,sci_03,C,0.0,5,4,0.2,11303,7741,0.3151375740953729,
refl2,cs_01,C,0.0,3,20,-5.666666666666667,3450,61254,-16.754782608695653,max_messages
refl2,cs_02,C,0.0,3,20,-5.666666666666667,7260,65536,-8.026997245179063,max_messages
refl2,cs_03,C,0.0,5,4,0.2,11620,11831,-0.018158347676419967,
refl2,hist_01,C,0.0,3,15,-4.0,1954,32677,-15.723132036847492,
refl2,hist_02,C,0.0,3,8,-1.6666666666666667,1816,17188,-8.464757709251101,
refl2,hist_03,C,0.0,3,5,-0.6666666666666666,3241,9658,-1.9799444615859303,
refl2,phil_01,C,0.0,3,6,-1.0,2375,9322,-2.9250526315789473,
refl2,phil_02,C,0.0,3,6,-1.0,4007,11392,-1.8430247067631644,
refl2,phil_03,C,0.0,3,9,-2.0,3352,29870,-7.9110978520286395,
refl2,law_01,C,0.0,3,8,-1.6666666666666667,2357,16681,-6.077216801018244,
refl2,law_02,C,0.0,3,10,-2.3333333333333335,7579,25987,-2.4288164665523158,
refl2,law_03,C,0.0,3,19,-5.333333333333333,6917,89566,-11.948677172184473,
refl2,game_01,C,0.0,3,4,-0.3333333333333333,2460,4775,-0.9410569105691057,
refl2,game_02,C,0.0,3,20,-5.666666666666667,9909,129679,-12.086991623776365,max_messages
refl2,game_03,C,0.0,3,20,-5.666666666666667,4770,85462,-16.916561844863732,max_messages
refl2,eng_01,C,0.0,3,4,-0.3333333333333333,4833,11286,-1.335195530726257,
refl2,eng_02,C,0.0,3,20,-5.666666666666667,5733,140639,-23.531484388627245,max_messages
refl2,eng_03,C,0.0,3,10,-2.3333333333333335,3650,35051,-8.603013698630138,
refl2,biz_01,C,0.0,7,4,0.42857142857142855,23295,11509,0.5059454818630608,
refl2,biz_02,C,0.0,3,20,-5.666666666666667,3032,51559,-16.00494722955145,max_messages
refl2,biz_03,C,0.0,3,19,-5.333333333333333,4578,90600,-18.790301441677588,
refl2,med_01,C,0.0,3,10,-2.3333333333333335,3028,21344,-6.0488771466314395,
rr3,sci_01,A,0.1,4,4,0.0,7937,5293,0.33312334635252616,
rr3,sci_02,A,0.1,4,4,0.0,10665,10141,0.049132676980778243,
rr3,sci_03,A,0.1,4,4,0.0,7932,8712,-0.09833585476550681,
rr3,cs_01,A,0.1,4,4,0.0,6800,7760,-0.1411764705882353,
rr3,cs_02,A,0.1,4,4,0.0,11775,10129,0.13978768577494693,
rr3,cs_03,A,0.1,4,4,0.0,7892,6855,0.13139888494678156,
rr3,hist_01,A,0.1,4,4,0.0,4162,4525,-0.08721768380586256,
rr3,hist_02,A,0.1,10,4,0.6,28718,5167,0.8200779998607145,
rr3,hist_03,A,0.1,7,4,0.42857142857142855,19712,8924,0.5472808441558441,
rr3,phil_01,A,0.1,4,4,0.0,4135,6270,-0.5163240628778718,
rr3,phil_02,A,0.1,4,4,0.0,7829,8831,-0.12798569421382042,
rr3,phil_03,A,0.1,4,4,0.0,7860,9849,-0.25305343511450384,
rr3,law_01,A,0.1,4,4,0.0,6710,6660,0.007451564828614009,
rr3,law_02,A,0.1,4,4,0.0,11995,14911,-0.24310129220508545,
rr3,law_03,A,0.1,4,4,0.0,10096,10920,-0.08161648177496038,
rr3,game_01,A,0.1,4,4,0.0,8743,6751,0.2278394143886538,
rr3,game_02,A,0.1,4,4,0.0,18053,13928,0.228493879133662,
rr3,game_03,A,0.1,4,4,0.0,10042,9813,0.02280422226648078,
rr3,eng_01,A,0.1,4,4,0.0,11450,8873,0.22506550218340612,
rr3,eng_02,A,0.1,4,4,0.0,10969,8963,0.18287902270033732,
rr3,eng_03,A,0.1,7,4,0.42857142857142855,20396,7465,0.6339968621298294,
rr3,biz_01,A,0.1,4,4,0.0,9934,9308,0.06301590497282061,
rr3,biz_02,A,0.1,4,4,0.0,9594,7299,0.23921200750469043,
rr3,biz_03,A,0.1,7,4,0.42857142857142855,26855,10367,0.6139638800968162,
rr3,med_01,A,0.1,4,4,0.0,8402,7444,0.11402047131635325,
sel3,sci_01,B1,0.1,4,4,0.0,4959,6155,-0.24117765678564226,
sel3,sci_02,B1,0.1,4,4,0.0,10768,11628,-0.07986627043090638,
sel3,sci_03,B1,0.1,3,4,-0.3333333333333333,4014,10443,-1.601644245142003,
sel3,cs_01,B1,0.1,4,4,0.0,9006,10506,-0.1665556295802798,
sel3,cs_02,B1,0.1,4,4,0.0,9012,10422,-0.15645805592543274,
sel3,cs_03,B1,0.1,4,4,0.0,12042,7883,0.34537452250456735,
sel3,hist_01,B1,0.1,3,4,-0.3333333333333333,1492,3619,-1.425603217158177,
sel3,hist_02,B1,0.1,4,4,0.0,4097,3952,0.03539175006102026,
sel3,hist_03,B1,0.1,4,4,0.0,9085,9119,-0.0037424325811777656,
sel3,phil_01,B1,0.1,3,4,-0.3333333333333333,2251,4834,-1.14749000444247,
sel3,phil_02,B1,0.1,4,4,0.0,8702,10614,-0.21971960468857735,
sel3,phil_03,B1,0.1,5,4,0.2,10536,6247,0.4070804859529233,
sel3,law_01,B1,0.1,3,4,-0.3333333333333333,2016,4721,-1.341765873015873,
sel3,law_02,B1,0.1,3,4,-0.3333333333333333,5654,13855,-1.450477538026176,
sel3,law_03,B1,0.1,4,4,0.0,12952,12722,0.01775787523162446,
sel3,game_01,B1,0.1,3,4,-0.3333333333333333,3156,10499,-2.326679340937896,
sel3,game_02,B1,0.1,4,4,0.0,14399,18823,-0.307243558580457,
sel3,game_03,B1,0.1,4,4,0.0,13176,8533,0.3523831208257438,
sel3,eng_01,B1,0.1,4,4,0.0,9135,9124,0.00120415982484948,
sel3,eng_02,B1,0.1,4,4,0.0,14731,13830,0.06116353268617202,
sel3,eng_03,B1,0.1,4,4,0.0,9457,7434,0.21391561806069578,
sel3,biz_01,B1,0.1,4,4,0.0,9081,13323,-0.46712917079616784,
sel3,biz_02,B1,0.1,3,4,-0.3333333333333333,4138,7054,-0.7046882551957467,
sel3,biz_03,B1,0.1,3,4,-0.3333333333333333,4629,8450,-0.825448260963491,
sel3,med_01,B1,0.1,4,4,0.0,9045,13089,-0.4470978441127695,
swm3,sci_01,B2,0.1,28,6,0.7857142857142857,6514,3727,0.42784771261897453,
swm3,sci_02,B2,0.1,5,6,-0.2,2755,6200,-1.250453720508167,
swm3,sci_03,B2,0.1,5,6,-0.2,1680,4240,-1.5238095238095237,
swm3,cs_01,B2,0.1,28,10,0.6428571428571429,8151,2456,0.6986872776346461,
swm3,cs_02,B2,0.1,28,10,0.6428571428571429,9381,2668,0.7155953523078563,
swm3,cs_03,B2,0.1,5,6,-0.2,1945,4002,-1.0575835475578406,
swm3,hist_01,B2,0.1,5,6,-0.2,1705,3264,-0.9143695014662757,
swm3,hist_02,B2,0.1,5,6,-0.2,1399,3406,-1.4345961401000715,
swm3,hist_03,B2,0.1,5,6,-0.2,1239,3691,-1.9790153349475383,
swm3,phil_01,B2,0.1,5,6,-0.2,1300,3529,-1.7146153846153847,
swm3,phil_02,B2,0.1,5,6,-0.2,2438,4971,-1.038966365873667,
swm3,phil_03,B2,0.1,5,6,-0.2,1812,5341,-1.9475717439293598,
swm3,law_01,B2,0.1,5,6,-0.2,1910,3723,-0.9492146596858638,
swm3,law_02,B2,0.1,5,6,-0.2,1943,5330,-1.7431806484817294,
swm3,law_03,B2,0.1,5,6,-0.2,3056,9249,-2.026505235602094,
swm3,game_01,B2,0.1,5,6,-0.2,1906,4573,-1.3992654774396642,
swm3,game_02,B2,0.1,5,6,-0.2,5210,16276,-2.123992322456814,
swm3,game_03,B2,0.1,5,10,-1.0,2248,2342,-0.04181494661921708,
swm3,eng_01,B2,0.1,28,10,0.6428571428571429,7017,2101,0.7005842952828845,
swm3,eng_02,B2,0.1,28,10,0.6428571428571429,7439,2161,0.7095039655867724,
swm3,eng_03,B2,0.1,5,6,-0.2,2426,6370,-1.6257213520197857,
swm3,biz_01,B2,0.1,5,6,-0.2,1581,5533,-2.499683744465528,
swm3,biz_02,B2,0.1,5,6,-0.2,2023,5217,-1.578843302026693,
swm3,biz_03,B2,0.1,5,6,-0.2,1703,4603,-1.7028772753963595,
swm3,med_01,B2,0.1,5,6,-0.2,1788,3601,-1.0139821029082774,
refl2,sci_01,C,0.1,3,4,-0.3333333333333333,2056,4559,-1.2174124513618676,
refl2,sci_02,C,0.1,3,4,-0.3333333333333333,3153,9834,-2.1189343482397716,
refl2,sci_03,C,0.1,5,4,0.2,11303,7435,0.3422100327346722,
refl2,cs_01,C,0.1,3,4,-0.3333333333333333,3450,8203,-1.3776811594202898,
refl2,cs_02,C,0.1,3,4,-0.3333333333333333,7260,11768,-0.6209366391184573,
refl2,cs_03,C,0.1,5,4,0.2,11620,7399,0.36325301204819277,
refl2,hist_01,C,0.1,3,4,-0.3333333333333333,1954,3685,-0.8858751279426816,
refl2,hist_02,C,0.1,3,4,-0.3333333333333333,1816,4770,-1.6266519823788546,
refl2,hist_03,C,0.1,3,4,-0.3333333333333333,3241,7767,-1.396482567108917,
refl2,phil_01,C,0.1,3,4,-0.3333333333333333,2375,5122,-1.1566315789473685,
refl2,phil_02,C,0.1,3,4,-0.3333333333333333,4007,7845,-0.957823808335413,
refl2,phil_03,C,0.1,3,4,-0.3333333333333333,3352,7242,-1.1605011933174225,
refl2,law_01,C,0.1,3,4,-0.3333333333333333,2357,6714,-1.848536274925753,
refl2,law_02,C,0.1,3,4,-0.3333333333333333,7579,12164,-0.6049610766591899,
refl2,law_03,C,0.1,3,4,-0.3333333333333333,6917,13772,-0.9910365765505277,
refl2,game_01,C,0.1,3,4,-0.3333333333333333,2460,5481,-1.2280487804878049,
refl2,game_02,C,0.1,3,4,-0.3333333333333333,9909,23351,-1.3565445554546371,
refl2,game_03,C,0.1,3,4,-0.3333333333333333,4770,15539,-2.2576519916142557,
refl2,eng_01,C,0.1,3,4,-0.3333333333333333,4833,9611,-0.9886199048210221,
refl2,eng_02,C,0.1,3,4,-0.3333333333333333,5733,22886,-2.9919762776905636,
refl2,eng_03,C,0.1,3,4,-0.3333333333333333,3650,8854,-1.4257534246575343,
refl2,biz_01,C,0.1,7,4,0.42857142857142855,23295,15171,0.3487443657437218,
refl2,biz_02,C,0.1,3,4,-0.3333333333333333,3032,6821,-1.2496701846965699,
refl2,biz_03,C,0.1,3,4,-0.3333333333333333,4578,10751,-1.3484054172127566,
refl2,med_01,C,0.1,3,4,-0.3333333333333333,3028,8985,-1.9673051519154559,
rr3,sci_01,A,0.5,4,4,0.0,7937,4894,0.3833942295577674,
rr3,sci_02,A,0.5,4,4,0.0,10665,8173,0.2336615096108767,
rr3,sci_03,A,0.5,4,4,0.0,7932,8618,-0.0864851235501765,
rr3,cs_01,A,0.5,4,4,0.0,6800,8455,-0.24338235294117647,
rr3,cs_02,A,0.5,4,4,0.0,11775,10041,0.1472611464968153,
rr3,cs_03,A,0.5,4,4,0.0,7892,9323,-0.18132285859097821,
rr3,hist_01,A,0.5,4,4,0.0,4162,3886,0.06631427198462278,
rr3,hist_02,A,0.5,10,4,0.6,28718,6153,0.7857441325997632,
rr3,hist_03,A,0.5,7,4,0.42857142857142855,19712,7585,0.6152090097402597,
rr3,phil_01,A,0.5,4,4,0.0,4135,4877,-0.17944377267230954,
rr3,phil_02,A,0.5,4,4,0.0,7829,10794,-0.3787201430578618,
rr3,phil_03,A,0.5,4,4,0.0,7860,6242,0.205852417302799,
rr3,law_01,A,0.5,4,4,0.0,6710,5699,0.15067064083457526,
rr3,law_02,A,0.5,4,4,0.0,11995,12444,-0.03743226344310129,
rr3,law_03,A,0.5,4,4,0.0,10096,10837,-0.07339540412044374,
rr3,game_01,A,0.5,4,4,0.0,8743,8321,0.0482671851767128,
rr3,game_02,A,0.5,4,4,0.0,18053,17412,0.035506564005982386,
rr3,game_03,A,0.5,4,4,0.0,10042,10484,-0.04401513642700657,
rr3,eng_01,A,0.5,4,4,0.0,11450,10734,0.06253275109170306,
rr3,eng_02,A,0.5,4,4,0.0,10969,13260,-0.20886133649375513,
rr3,eng_03,A,0.5,7,4,0.42857142857142855,20396,9249,0.5465287311237498,
rr3,biz_01,A,0.5,4,4,0.0,9934,11993,-0.2072679685927119,
rr3,biz_02,A,0.5,4,4,0.0,9594,7836,0.18323952470293933,
rr3,biz_03,A,0.5,7,4,0.42857142857142855,26855,8307,0.6906721280953267,
rr3,med_01,A,0.5,4,4,0.0,8402,9107,-0.08390859319209712,
sel3,sci_01,B1,0.5,4,4,0.0,4959,6351,-0.2807017543859649,
sel3,sci_02,B1,0.5,4,4,0.0,10768,10666,0.009472511144130757,
sel3,sci_03,B1,0.5,3,4,-0.3333333333333333,4014,9022,-1.247633283507723,
sel3,cs_01,B1,0.5,4,4,0.0,9006,6884,0.2356206973129025,
sel3,cs_02,B1,0.5,4,4,0.0,9012,13533,-0.501664447403462,
sel3,cs_03,B1,0.5,4,4,0.0,12042,12620,-0.04799867131705697,
sel3,hist_01,B1,0.5,3,4,-0.3333333333333333,1492,3370,-1.2587131367292226,
sel3,hist_02,B1,0.5,4,4,0.0,4097,4752,-0.15987307786185012,
sel3,hist_03,B1,0.5,4,4,0.0,9085,9828,-0.0817831590533847,
sel3,phil_01,B1,0.5,3,4,-0.3333333333333333,2251,4541,-1.0173256330519769,
sel3,phil_02,B1,0.5,4,4,0.0,8702,7651,0.12077683291197426,
sel3,phil_03,B1,0.5,5,4,0.2,10536,6087,0.4222665148063781,
sel3,law_01,B1,0.5,3,4,-0.3333333333333333,2016,2955,-0.46577380952380953,
sel3,law_02,B1,0.5,3,4,-0.3333333333333333,5654,12033,-1.1282278033250797,
sel3,law_03,B1,0.5,4,4,0.0,12952,13177,-0.01737183446571958,
sel3,game_01,B1,0.5,3,4,-0.3333333333333333,3156,8846,-1.802915082382763,
sel3,game_02,B1,0.5,4,4,0.0,14399,15492,-0.07590804917008126,
sel3,game_03,B1,0.5,4,4,0.0,13176,8387,0.36346387370977534,
sel3,eng_01,B1,0.5,4,4,0.0,9135,9488,-0.038642583470169675,
sel3,eng_02,B1,0.5,4,4,0.0,14731,11314,0.23195981264001087,
sel3,eng_03,B1,0.5,4,4,0.0,9457,8478,0.10352120122660463,
sel3,biz_01,B1,0.5,4,4,0.0,9081,7620,0.1608853650479022,
sel3,biz_02,B1,0.5,3,4,-0.3333333333333333,4138,8513,-1.0572740454325762,
sel3,biz_03,B1,0.5,3,4,-0.3333333333333333,4629,10692,-1.3097861309138044,
sel3,med_01,B1,0.5,4,4,0.0,9045,10610,-0.1730237700386954,
swm3,sci_01,B2,0.5,28,6,0.7857142857142857,6514,3232,0.5038378876266503,
swm3,sci_02,B2,0.5,5,6,-0.2,2755,4625,-0.6787658802177858,
swm3,sci_03,B2,0.5,5,6,-0.2,1680,4826,-1.8726190476190476,
swm3,cs_01,B2,0.5,28,10,0.6428571428571429,8151,2509,0.6921850079744817,
swm3,cs_02,B2,0.5,28,10,0.6428571428571429,9381,2211,0.7643108410617205,
swm3,cs_03,B2,0.5,5,6,-0.2,1945,6210,-2.1928020565552697,
swm3,hist_01,B2,0.5,5,6,-0.2,1705,3362,-0.9718475073313783,
swm3,hist_02,B2,0.5,5,6,-0.2,1399,3046,-1.1772694781987134,
swm3,hist_03,B2,0.5,5,6,-0.2,1239,3021,-1.4382566585956416,
swm3,phil_01,B2,0.5,5,6,-0.2,1300,5459,-3.1992307692307693,
swm3,phil_02,B2,0.5,5,6,-0.2,2438,4905,-1.0118949958982772,
swm3,phil_03,B2,0.5,5,6,-0.2,1812,3663,-1.021523178807947,
swm3,law_01,B2,0.5,5,6,-0.2,1910,4446,-1.3277486910994765,
swm3,law_02,B2,0.5,5,6,-0.2,1943,4741,-1.440041173443129,
swm3,law_03,B2,0.5,5,6,-0.2,3056,8127,-1.6593586387434556,
swm3,game_01,B2,0.5,5,6,-0.2,1906,4127,-1.1652675760755509,
swm3,game_02,B2,0.5,5,10,-1.0,5210,2348,0.5493282149712092,
swm3,game_03,B2,0.5,5,6,-0.2,2248,5767,-1.565391459074733,
swm3,eng_01,B2,0.5,28,10,0.6428571428571429,7017,1909,0.7279464158472282,
swm3,eng_02,B2,0.5,28,6,0.7857142857142857,7439,6108,0.17892189810458395,
swm3,eng_03,B2,0.5,5,6,-0.2,2426,5782,-1.3833470733718054,
swm3,biz_01,B2,0.5,5,6,-0.2,1581,4078,-1.5793801391524351,
swm3,biz_02,B2,0.5,5,6,-0.2,2023,3565,-0.7622343054869006,
swm3,biz_03,B2,0.5,5,6,-0.2,1703,4289,-1.5184967704051673,
swm3,med_01,B2,0.5,5,6,-0.2,1788,3649,-1.04082774049217,
refl2,sci_01,C,0.5,3,4,-0.3333333333333333,2056,5196,-1.527237354085603,
refl2,sci_02,C,0.5,3,4,-0.3333333333333333,3153,8562,-1.7155090390104661,
refl2,sci_03,C,0.5,5,4,0.2,11303,8272,0.2681588958683535,
refl2,cs_01,C,0.5,3,4,-0.3333333333333333,3450,7459,-1.1620289855072463,
refl2,cs_02,C,0.5,3,4,-0.3333333333333333,7260,11211,-0.5442148760330578,
refl2,cs_03,C,0.5,5,4,0.2,11620,11951,-0.028485370051635112,
refl2,hist_01,C,0.5,3,4,-0.3333333333333333,1954,4325,-1.2134083930399182,
refl2,hist_02,C,0.5,3,4,-0.3333333333333333,1816,5227,-1.8783039647577093,
refl2,hist_03,C,0.5,3,4,-0.3333333333333333,3241,8575,-1.6457883369330453,
refl2,phil_01,C,0.5,3,4,-0.3333333333333333,2375,5396,-1.272,
refl2,phil_02,C,0.5,3,4,-0.3333333333333333,4007,8065,-1.0127277264786623,
refl2,phil_03,C,0.5,3,4,-0.3333333333333333,3352,5179,-0.5450477326968973,
refl2,law_01,C,0.5,3,4,-0.3333333333333333,2357,5310,-1.2528638099278744,
refl2,law_02,C,0.5,3,4,-0.3333333333333333,7579,10951,-0.4449135769890487,
refl2,law_03,C,0.5,3,4,-0.3333333333333333,6917,13402,-0.9375451785456123,
refl2,game_01,C,0.5,3,4,-0.3333333333333333,2460,7278,-1.9585365853658536,
refl2,game_02,C,0.5,3,4,-0.3333333333333333,9909,15885,-0.6030881017257039,
refl2,game_03,C,0.5,3,4,-0.3333333333333333,4770,12196,-1.5568134171907757,
refl2,eng_01,C,0.5,3,4,-0.3333333333333333,4833,12117,-1.5071384233395406,
refl2,eng_02,C,0.5,3,4,-0.3333333333333333,5733,27205,-3.745334031048317,
refl2,eng_03,C,0.5,3,4,-0.3333333333333333,3650,8747,-1.3964383561643836,
refl2,biz_01,C,0.5,7,4,0.42857142857142855,23295,10068,0.5678042498390212,
refl2,biz_02,C,0.5,3,4,-0.3333333333333333,3032,5536,-0.8258575197889182,
refl2,biz_03,C,0.5,3,4,-0.3333333333333333,4578,12963,-1.8315858453473133,
refl2,med_01,C,0.5,3,4,-0.3333333333333333,3028,6410,-1.116908850726552,
sel4,sci_01,B1,0.0,4,8,-1.0,7019,21386,-2.0468727738994157,
sel4,sci_02,B1,0.0,5,10,-1.0,14902,25890,-0.7373506911823916,
sel4,sci_03,B1,0.0,4,5,-0.25,7141,14585,-1.0424310320683379,
sel4,cs_01,B1,0.0,4,7,-0.75,9270,24133,-1.603344120819849,
sel4,cs_02,B1,0.0,4,6,-0.5,10663,23121,-1.1683391165713215,
sel4,cs_03,B1,0.0,4,7,-0.75,11831,22850,-0.9313667483729186,
sel4,hist_01,B1,0.0,5,10,-1.0,9554,19873,-1.0800711743772242,
sel4,hist_02,B1,0.0,3,13,-3.3333333333333335,2288,51899,-21.68312937062937,
sel4,hist_03,B1,0.0,4,4,0.0,5915,8682,-0.4677937447168216,
sel4,phil_01,B1,0.0,5,7,-0.4,9471,16638,-0.7567310738042445,
sel4,phil_02,B1,0.0,3,6,-1.0,4050,18266,-3.5101234567901236,
sel4,phil_03,B1,0.0,3,8,-1.6666666666666667,2817,24591,-7.729499467518637,
sel4,law_01,B1,0.0,5,7,-0.4,9052,18829,-1.0800927971718957,
sel4,law_02,B1,0.0,5,4,0.2,22793,15230,0.33181239854341243,
sel4,law_03,B1,0.0,5,5,0.0,13270,20866,-0.5724189902034664,
sel4,game_01,B1,0.0,4,7,-0.75,9629,22932,-1.3815557171045798,
sel4,game_02,B1,0.0,5,15,-2.0,28799,83085,-1.8849960068057918,
sel4,game_03,B1,0.0,4,17,-3.25,9491,76062,-7.014118638710357,
sel4,eng_01,B1,0.0,5,5,0.0,18424,16059,0.12836517585757706,
sel4,eng_02,B1,0.0,5,7,-0.4,16392,43489,-1.6530624694973157,
sel4,eng_03,B1,0.0,5,6,-0.2,14596,18223,-0.24849273773636613,
sel4,biz_01,B1,0.0,5,5,0.0,19110,18926,0.009628466771323915,
sel4,biz_02,B1,0.0,3,11,-2.6666666666666665,3494,37986,-9.871780194619348,
sel4,biz_03,B1,0.0,4,5,-0.25,8801,17289,-0.9644358595614134,
sel4,med_01,B1,0.0,4,18,-3.5,9627,62393,-5.481042900176587,
swm4,sci_01,B2,0.0,12,24,-1.0,15279,26490,-0.7337522089141959,max_messages
swm4,sci_02,B2,0.0,9,10,-0.1111111111111111,9064,2939,0.6757502206531333,
swm4,sci_03,B2,0.0,28,10,0.6428571428571429,20905,2363,0.8869648409471418,
swm4,cs_01,B2,0.0,32,10,0.6875,9845,2620,0.733875063484002,
swm4,cs_02,B2,0.0,32,8,0.75,12961,8984,0.30684360774631586,
swm4,cs_03,B2,0.0,34,10,0.7058823529411765,9804,2892,0.7050183598531212,
swm4,hist_01,B2,0.0,14,12,0.14285714285714285,24343,9750,0.5994741814895452,
swm4,hist_02,B2,0.0,32,10,0.6875,13783,2172,0.842414568671552,
swm4,hist_03,B2,0.0,20,8,0.6,29781,2909,0.902320271313925,
swm4,phil_01,B2,0.0,20,4,0.8,24624,3821,0.8448261858349577,
swm4,phil_02,B2,0.0,32,15,0.53125,16532,25615,-0.5494193080087104,
swm4,phil_03,B2,0.0,28,8,0.7142857142857143,11103,3120,0.7189948662523642,
swm4,law_01,B2,0.0,12,6,0.5,22255,3698,0.8338350932374747,
swm4,law_02,B2,0.0,34,13,0.6176470588235294,10584,6666,0.3701814058956916,
swm4,law_03,B2,0.0,34,10,0.7058823529411765,8940,2761,0.6911633109619687,
swm4,game_01,B2,0.0,12,6,0.5,18645,4417,0.763100026816841,
swm4,game_02,B2,0.0,26,10,0.6153846153846154,37829,4350,0.885008855639853,
swm4,game_03,B2,0.0,9,14,-0.5555555555555556,5914,17895,-2.0258708150152183,
swm4,eng_01,B2,0.0,34,21,0.38235294117647056,8253,29567,-2.5825760329577125,
swm4,eng_02,B2,0.0,32,10,0.6875,9406,2261,0.7596215181798852,
swm4,eng_03,B2,0.0,20,10,0.5,23465,2687,0.8854890262092479,
swm4,biz_01,B2,0.0,34,10,0.7058823529411765,9201,2217,0.7590479295728725,
swm4,biz_02,B2,0.0,32,10,0.6875,11298,2668,0.763852009205169,
swm4,biz_03,B2,0.0,34,10,0.7058823529411765,9168,2543,0.7226221640488656,
swm4,med_01,B2,0.0,34,10,0.7058823529411765,10205,2521,0.7529642332190103,
debate3,sci_01,C,0.0,5,5,0.0,8233,10084,-0.2248269160694765,
debate3,sci_02,C,0.0,4,5,-0.25,8100,12986,-0.6032098765432099,
debate3,sci_03,C,0.0,5,4,0.2,9796,7558,0.22846059616169864,
debate3,cs_01,C,0.0,5,8,-0.6,14508,20558,-0.4170113041080783,
debate3,cs_02,C,0.0,4,5,-0.25,8733,13033,-0.4923852055421963,
debate3,cs_03,C,0.0,4,5,-0.25,4805,12711,-1.645369406867846,
debate3,hist_01,C,0.0,5,7,-0.4,10578,14045,-0.3277557194176593,
debate3,hist_02,C,0.0,5,5,0.0,9840,8098,0.17703252032520325,
debate3,hist_03,C,0.0,5,7,-0.4,11081,16497,-0.48876455193574586,
debate3,phil_01,C,0.0,4,8,-1.0,4328,15937,-2.682301293900185,
debate3,phil_02,C,0.0,4,4,0.0,8860,6835,0.22855530474040633,
debate3,phil_03,C,0.0,5,5,0.0,11187,9109,0.18575131849468132,
debate3,law_01,C,0.0,5,5,0.0,9042,10383,-0.14830789648307896,
debate3,law_02,C,0.0,4,4,0.0,8960,7646,0.14665178571428572,
debate3,law_03,C,0.0,4,12,-2.0,7767,39092,-4.033088708639114,
debate3,game_01,C,0.0,4,10,-1.5,6616,23761,-2.5914449818621526,
debate3,game_02,C,0.0,4,6,-0.5,9066,20499,-1.2610853739245533,
debate3,game_03,C,0.0,5,6,-0.2,11810,13865,-0.17400508044030483,
debate3,eng_01,C,0.0,4,5,-0.25,8833,11959,-0.3539001471753651,
debate3,eng_02,C,0.0,4,4,0.0,8464,12352,-0.45935727788279773,
debate3,eng_03,C,0.0,4,6,-0.5,6812,13656,-1.004697592483852,
debate3,biz_01,C,0.0,5,4,0.2,11837,10008,0.1545155022387429,
debate3,biz_02,C,0.0,4,9,-1.25,6572,23137,-2.5205416920267805,
debate3,biz_03,C,0.0,5,4,0.2,14667,8516,0.41937683234471945,
debate3,med_01,C,0.0,4,5,-0.25,5560,9734,-0.7507194244604316,
pipe,sci_01,D,0.0,6,6,0.0,5992,9932,-0.657543391188251,keyword
pipe,sci_02,D,0.0,6,6,0.0,12740,10299,0.19160125588697016,keyword
pipe,sci_03,D,0.0,6,6,0.0,7672,11883,-0.5488790406673618,keyword
pipe,cs_01,D,0.0,6,6,0.0,6241,13713,-1.1972440314052235,keyword
pipe,cs_02,D,0.0,6,6,0.0,15362,14132,0.08006769951829189,keyword
pipe,cs_03,D,0.0,5,7,-0.4,7422,21048,-1.83589329021827,keyword
pipe,hist_01,D,0.0,5,5,0.0,4019,3836,0.0455337148544414,keyword
pipe,hist_02,D,0.0,5,5,0.0,9769,8081,0.17279148326338417,keyword
pipe,hist_03,D,0.0,7,7,0.0,12235,13672,-0.11744993870044954,keyword
pipe,phil_01,D,0.0,5,5,0.0,6526,4315,0.33879865154765554,keyword
pipe,phil_02,D,0.0,5,5,0.0,9151,6250,0.31701453393071793,keyword
pipe,phil_03,D,0.0,6,6,0.0,7536,6552,0.1305732484076433,keyword
pipe,law_01,D,0.0,5,5,0.0,7075,6990,0.012014134275618375,keyword
pipe,law_02,D,0.0,5,5,0.0,8015,10227,-0.2759825327510917,keyword
pipe,law_03,D,0.0,5,5,0.0,10190,7311,0.28253189401373896,keyword
pipe,game_01,D,0.0,6,6,0.0,9878,9616,0.026523587770803807,keyword
pipe,game_02,D,0.0,6,7,-0.16666666666666666,15774,32489,-1.0596551286927856,keyword
pipe,game_03,D,0.0,7,7,0.0,18320,31067,-0.695796943231441,keyword
pipe,eng_01,D,0.0,6,6,0.0,10255,8956,0.12666991711360312,keyword
pipe,eng_02,D,0.0,6,7,-0.16666666666666666,16128,29654,-0.8386656746031746,keyword
pipe,eng_03,D,0.0,5,5,0.0,6955,7400,-0.06398274622573688,keyword
pipe,biz_01,D,0.0,7,6,0.14285714285714285,24047,16517,0.31313677381793986,keyword
pipe,biz_02,D,0.0,6,6,0.0,8295,12414,-0.49656419529837253,keyword
pipe,biz_03,D,0.0,5,6,-0.2,15420,19136,-0.2409857328145266,keyword
pipe,med_01,D,0.0,7,7,0.0,16314,20173,-0.2365452985166115,keyword
sel4,sci_01,B1,0.1,4,4,0.0,7019,6047,0.13848126513748396,
sel4,sci_02,B1,0.1,5,4,0.2,14902,9934,0.33337807005771036,
sel4,sci_03,B1,0.1,4,4,0.0,7141,7223,-0.011482985576249825,
sel4,cs_01,B1,0.1,4,4,0.0,9270,9516,-0.026537216828478965,
sel4,cs_02,B1,0.1,4,4,0.0,10663,13206,-0.23848823032917565,
sel4,cs_03,B1,0.1,4,4,0.0,11831,12670,-0.07091539176739076,
sel4,hist_01,B1,0.1,5,4,0.2,9554,3015,0.6844253715721164,
sel4,hist_02,B1,0.1,3,4,-0.3333333333333333,2288,4465,-0.951486013986014,
sel4,hist_03,B1,0.1,4,4,0.0,5915,5994,-0.013355874894336433,
sel4,phil_01,B1,0.1,5,4,0.2,9471,4906,0.4819976771196283,
sel4,phil_02,B1,0.1,3,4,-0.3333333333333333,4050,8572,-1.1165432098765433,
sel4,phil_03,B1,0.1,3,4,-0.3333333333333333,2817,6018,-1.1363152289669862,
sel4,law_01,B1,0.1,5,4,0.2,9052,9192,-0.015466195315952275,
sel4,law_02,B1,0.1,5,4,0.2,22793,13455,0.40968718466195764,
sel4,law_03,B1,0.1,5,4,0.2,13270,14811,-0.11612660135644311,
sel4,game_01,B1,0.1,4,4,0.0,9629,11222,-0.16543774015993354,
sel4,game_02,B1,0.1,5,4,0.2,28799,15341,0.4673078926351609,
sel4,game_03,B1,0.1,4,4,0.0,9491,11010,-0.1600463597091982,
sel4,eng_01,B1,0.1,5,4,0.2,18424,8033,0.5639926183239253,
sel4,eng_02,B1,0.1,5,4,0.2,16392,11325,0.3091142020497804,
sel4,eng_03,B1,0.1,5,4,0.2,14596,10442,0.2845985201425048,
sel4,biz_01,B1,0.1,5,4,0.2,19110,13297,0.3041862899005756,
sel4,biz_02,B1,0.1,3,4,-0.3333333333333333,3494,9128,-1.6124785346307957,
sel4,biz_03,B1,0.1,4,4,0.0,8801,9972,-0.13305306215202817,
sel4,med_01,B1,0.1,4,4,0.0,9627,12167,-0.2638412797340812,
swm4,sci_01,B2,0.1,12,4,0.6666666666666666,15279,3785,0.7522743635054651,
swm4,sci_02,B2,0.1,9,6,0.3333333333333333,9064,5567,0.38581200353045014,
swm4,sci_03,B2,0.1,28,10,0.6428571428571429,20905,2648,0.8733317388184645,
swm4,cs_01,B2,0.1,32,8,0.75,9845,3907,0.6031488065007619,
swm4,cs_02,B2,0.1,32,8,0.75,12961,5169,0.6011881799243886,
swm4,cs_03,B2,0.1,34,10,0.7058823529411765,9804,2977,0.6963484292125663,
swm4,hist_01,B2,0.1,14,8,0.42857142857142855,24343,2677,0.8900299880869244,
swm4,hist_02,B2,0.1,32,6,0.8125,13783,3675,0.7333671914677501,
swm4,hist_03,B2,0.1,20,10,0.5,29781,2093,0.9297202914609987,
swm4,phil_01,B2,0.1,20,6,0.7,24624,4059,0.8351608187134503,
swm4,phil_02,B2,0.1,32,10,0.6875,16532,2686,0.8375272199370917,
swm4,phil_03,B2,0.1,28,6,0.7857142857142857,11103,3658,0.6705394938304963,
swm4,law_01,B2,0.1,12,8,0.3333333333333333,22255,2314,0.8960233655358346,
swm4,law_02,B2,0.1,34,8,0.7647058823529411,10584,2646,0.75,
swm4,law_03,B2,0.1,34,10,0.7058823529411765,8940,2803,0.6864653243847875,
swm4,game_01,B2,0.1,12,4,0.6666666666666666,18645,4794,0.7428801287208366,
swm4,game_02,B2,0.1,26,10,0.6153846153846154,37829,5838,0.8456739538449338,
swm4,game_03,B2,0.1,9,8,0.1111111111111111,5914,5237,0.11447412918498479,
swm4,eng_01,B2,0.1,34,10,0.7058823529411765,8253,2346,0.7157397310069066,
swm4,eng_02,B2,0.1,32,10,0.6875,9406,2382,0.7467573889007016,
swm4,eng_03,B2,0.1,20,10,0.5,23465,2943,0.8745791604517367,
swm4,biz_01,B2,0.1,34,8,0.7647058823529411,9201,2396,0.7395935224432127,
swm4,biz_02,B2,0.1,32,10,0.6875,11298,2344,0.7925296512657107,
swm4,biz_03,B2,0.1,34,10,0.7058823529411765,9168,1998,0.7820680628272252,
swm4,med_01,B2,0.1,34,10,0.7058823529411765,10205,2428,0.7620774130328271,
debate3,sci_01,C,0.1,5,4,0.2,8233,3729,0.5470666828616543,
debate3,sci_02,C,0.1,4,4,0.0,8100,8912,-0.10024691358024691,
debate3,sci_03,C,0.1,5,4,0.2,9796,9121,0.06890567578603511,
debate3,cs_01,C,0.1,5,4,0.2,14508,7566,0.478494623655914,
debate3,cs_02,C,0.1,4,4,0.0,8733,11041,-0.26428489637009045,
debate3,cs_03,C,0.1,4,4,0.0,4805,6442,-0.3406867845993756,
debate3,hist_01,C,0.1,5,4,0.2,10578,3818,0.6390622045755341,
debate3,hist_02,C,0.1,5,4,0.2,9840,3838,0.609959349593496,
debate3,hist_03,C,0.1,5,4,0.2,11081,6575,0.4066419998195109,
debate3,phil_01,C,0.1,4,4,0.0,4328,4367,-0.009011090573012939,
debate3,phil_02,C,0.1,4,4,0.0,8860,7651,0.13645598194130926,
debate3,phil_03,C,0.1,5,4,0.2,11187,4875,0.5642263341378385,
debate3,law_01,C,0.1,5,4,0.2,9042,5598,0.38088918380889186,
debate3,law_02,C,0.1,4,4,0.0,8960,10552,-0.17767857142857144,
debate3,law_03,C,0.1,4,4,0.0,7767,7916,-0.019183726020342476,
debate3,game_01,C,0.1,4,4,0.0,6616,5726,0.13452237001209189,
debate3,game_02,C,0.1,4,4,0.0,9066,8783,0.031215530553717185,
debate3,game_03,C,0.1,5,4,0.2,11810,10017,0.15182049110922946,
debate3,eng_01,C,0.1,4,4,0.0,8833,11812,-0.33725800973621645,
debate3,eng_02,C,0.1,4,4,0.0,8464,12684,-0.4985822306238185,
debate3,eng_03,C,0.1,4,4,0.0,6812,8947,-0.31341749853200235,
debate3,biz_01,C,0.1,5,4,0.2,11837,13051,-0.10255977021204697,
debate3,biz_02,C,0.1,4,4,0.0,6572,6877,-0.04640900791235545,
debate3,biz_03,C,0.1,5,4,0.2,14667,8551,0.41699052294266037,
debate3,med_01,C,0.1,4,4,0.0,5560,7143,-0.2847122302158273,
pipe,sci_01,D,0.1,6,7,-0.16666666666666666,5992,13001,-1.1697263017356476,keyword
pipe,sci_02,D,0.1,6,6,0.0,12740,11567,0.09207221350078493,keyword
pipe,sci_03,D,0.1,6,7,-0.16666666666666666,7672,11504,-0.4994786235662148,keyword
pipe,cs_01,D,0.1,6,6,0.0,6241,9846,-0.5776317897772792,keyword
pipe,cs_02,D,0.1,6,6,0.0,15362,12920,0.15896367660460878,keyword
pipe,cs_03,D,0.1,5,7,-0.4,7422,23397,-2.152384801940178,keyword
pipe,hist_01,D,0.1,5,5,0.0,4019,4744,-0.18039313262005474,keyword
pipe,hist_02,D,0.1,5,5,0.0,9769,8004,0.1806735592179343,keyword
pipe,hist_03,D,0.1,7,6,0.14285714285714285,12235,10480,0.14344094809971394,keyword
pipe,phil_01,D,0.1,5,5,0.0,6526,5508,0.15599141893962612,keyword
pipe,phil_02,D,0.1,5,3,0.4,9151,1574,0.827996940225112,keyword
pipe,phil_03,D,0.1,6,6,0.0,7536,7539,-0.0003980891719745223,keyword
pipe,law_01,D,0.1,5,5,0.0,7075,6350,0.10247349823321555,keyword
pipe,law_02,D,0.1,5,5,0.0,8015,7271,0.09282595134123518,keyword
pipe,law_03,D,0.1,5,5,0.0,10190,7588,0.25534838076545635,keyword
pipe,game_01,D,0.1,6,6,0.0,9878,11328,-0.14679084834986839,keyword
pipe,game_02,D,0.1,6,6,0.0,15774,17590,-0.11512615696716115,keyword
pipe,game_03,D,0.1,7,7,0.0,18320,23559,-0.28597161572052404,keyword
pipe,eng_01,D,0.1,6,6,0.0,10255,8167,0.20360799609946367,keyword
pipe,eng_02,D,0.1,6,6,0.0,16128,20358,-0.2622767857142857,keyword
pipe,eng_03,D,0.1,5,5,0.0,6955,8082,-0.16204169662113588,keyword
pipe,biz_01,D,0.1,7,6,0.14285714285714285,24047,13125,0.4541938703372562,keyword
pipe,biz_02,D,0.1,6,6,0.0,8295,7947,0.041952983725135624,keyword
pipe,biz_03,D,0.1,5,5,0.0,15420,10536,0.3167315175097276,keyword
pipe,med_01,D,0.1,7,7,0.0,16314,17289,-0.059764619345347554,keyword
sel4,sci_01,B1,0.5,4,4,0.0,7019,7319,-0.04274113121527283,
sel4,sci_02,B1,0.5,5,4,0.2,14902,7789,0.47731848074084016,
sel4,sci_03,B1,0.5,4,4,0.0,7141,9359,-0.3106007561966111,
sel4,cs_01,B1,0.5,4,4,0.0,9270,11636,-0.2552319309600863,
sel4,cs_02,B1,0.5,4,4,0.0,10663,11452,-0.07399418550126606,
sel4,cs_03,B1,0.5,4,4,0.0,11831,15173,-0.2824782351449582,
sel4,hist_01,B1,0.5,5,4,0.2,9554,3886,0.5932593678040611,
sel4,hist_02,B1,0.5,3,4,-0.3333333333333333,2288,5677,-1.4812062937062938,
sel4,hist_03,B1,0.5,4,4,0.0,5915,8980,-0.518174133558749,
sel4,phil_01,B1,0.5,5,4,0.2,9471,6033,0.36300285080772887,
sel4,phil_02,B1,0.5,3,4,-0.3333333333333333,4050,8966,-1.213827160493827,
sel4,phil_03,B1,0.5,3,4,-0.3333333333333333,2817,9012,-2.1991480298189563,
sel4,law_01,B1,0.5,5,4,0.2,9052,7906,0.12660185594343792,
sel4,law_02,B1,0.5,5,4,0.2,22793,11203,0.508489448514895,
sel4,law_03,B1,0.5,5,4,0.2,13270,16905,-0.27392614920874153,
sel4,game_01,B1,0.5,4,4,0.0,9629,11200,-0.16315297538685222,
sel4,game_02,B1,0.5,5,4,0.2,28799,20087,0.3025105038369388,
sel4,game_03,B1,0.5,4,4,0.0,9491,8530,0.10125381940786007,
sel4,eng_01,B1,0.5,5,4,0.2,18424,12996,0.29461571862787667,
sel4,eng_02,B1,0.5,5,4,0.2,16392,16387,0.0003050268423621279,
sel4,eng_03,B1,0.5,5,4,0.2,14596,11378,0.22047136201699097,
sel4,biz_01,B1,0.5,5,4,0.2,19110,9077,0.5250130821559393,
sel4,biz_02,B1,0.5,3,4,-0.3333333333333333,3494,7483,-1.1416714367487122,
sel4,biz_03,B1,0.5,4,4,0.0,8801,12571,-0.42836041358936483,
sel4,med_01,B1,0.5,4,4,0.0,9627,8365,0.13108964371039783,
swm4,sci_01,B2,0.5,12,6,0.5,15279,3131,0.7950782119248642,
swm4,sci_02,B2,0.5,9,6,0.3333333333333333,9064,6383,0.2957855251544572,
swm4,sci_03,B2,0.5,28,10,0.6428571428571429,20905,2824,0.8649127003109304,
swm4,cs_01,B2,0.5,32,10,0.6875,9845,2631,0.7327577450482479,
swm4,cs_02,B2,0.5,32,8,0.75,12961,6025,0.5351438932181158,
swm4,cs_03,B2,0.5,34,10,0.7058823529411765,9804,2778,0.7166462668298653,
swm4,hist_01,B2,0.5,14,4,0.7142857142857143,24343,3397,0.8604526968738446,
swm4,hist_02,B2,0.5,32,8,0.75,13783,2075,0.8494522237538997,
swm4,hist_03,B2,0.5,20,8,0.6,29781,2790,0.9063161075853732,
swm4,phil_01,B2,0.5,20,8,0.6,24624,3172,0.8711825860948668,
swm4,phil_02,B2,0.5,32,8,0.75,16532,3156,0.8090975078635374,
swm4,phil_03,B2,0.5,28,8,0.7142857142857143,11103,4193,0.6223543186526164,
swm4,law_01,B2,0.5,12,4,0.6666666666666666,22255,4477,0.7988317232082678,
swm4,law_02,B2,0.5,34,8,0.7647058823529411,10584,2568,0.7573696145124716,
swm4,law_03,B2,0.5,34,10,0.7058823529411765,8940,2953,0.6696868008948546,
swm4,game_01,B2,0.5,12,6,0.5,18645,4436,0.7620809868597479,
swm4,game_02,B2,0.5,26,10,0.6153846153846154,37829,4671,0.8765233022284491,
swm4,game_03,B2,0.5,9,8,0.1111111111111111,5914,7054,-0.1927629354075076,
swm4,eng_01,B2,0.5,34,10,0.7058823529411765,8253,2213,0.7318550830001211,
swm4,eng_02,B2,0.5,32,10,0.6875,9406,2592,0.7244312141186476,
swm4,eng_03,B2,0.5,20,8,0.6,23465,2855,0.8783294268058811,
swm4,biz_01,B2,0.5,34,10,0.7058823529411765,9201,2258,0.754591892185632,
swm4,biz_02,B2,0.5,32,8,0.75,11298,4323,0.6173659054699947,
swm4,biz_03,B2,0.5,34,8,0.7647058823529411,9168,2249,0.7546902268760908,
swm4,med_01,B2,0.5,34,8,0.7647058823529411,10205,2665,0.7388535031847133,
debate3,sci_01,C,0.5,5,4,0.2,8233,5289,0.3575853273411879,
debate3,sci_02,C,0.5,4,4,0.0,8100,7776,0.04,
debate3,sci_03,C,0.5,5,4,0.2,9796,8469,0.13546345447121275,
debate3,cs_01,C,0.5,5,4,0.2,14508,7646,0.47298042459332784,
debate3,cs_02,C,0.5,4,4,0.0,8733,8887,-0.01763426084965075,
debate3,cs_03,C,0.5,4,4,0.0,4805,4680,0.026014568158168574,
debate3,hist_01,C,0.5,5,4,0.2,10578,3960,0.6256381168462848,
debate3,hist_02,C,0.5,5,4,0.2,9840,3792,0.6146341463414634,
debate3,hist_03,C,0.5,5,4,0.2,11081,5355,0.5167403663929249,
debate3,phil_01,C,0.5,4,4,0.0,4328,4285,0.009935304990757857,
debate3,phil_02,C,0.5,4,4,0.0,8860,9194,-0.03769751693002257,
debate3,phil_03,C,0.5,5,4,0.2,11187,3903,0.6511128989005095,
debate3,law_01,C,0.5,5,4,0.2,9042,4893,0.45885865958858657,
debate3,law_02,C,0.5,4,4,0.0,8960,11192,-0.24910714285714286,
debate3,law_03,C,0.5,4,4,0.0,7767,9934,-0.27900090124887345,
debate3,game_01,C,0.5,4,4,0.0,6616,5584,0.15598548972188633,
debate3,game_02,C,0.5,4,4,0.0,9066,7288,0.19611736157070372,
debate3,game_03,C,0.5,5,4,0.2,11810,9132,0.22675698560541913,
debate3,eng_01,C,0.5,4,4,0.0,8833,8545,0.03260500396241368,
debate3,eng_02,C,0.5,4,4,0.0,8464,12617,-0.4906663516068053,
debate3,eng_03,C,0.5,4,4,0.0,6812,7550,-0.10833822665883734,
debate3,biz_01,C,0.5,5,4,0.2,11837,11310,0.04452141589929881,
debate3,biz_02,C,0.5,4,4,0.0,6572,7743,-0.17818015824710895,
debate3,biz_03,C,0.5,5,4,0.2,14667,9049,0.3830367491647917,
debate3,med_01,C,0.5,4,4,0.0,5560,5688,-0.02302158273381295,
pipe,sci_01,D,0.5,6,7,-0.16666666666666666,5992,12397,-1.0689252336448598,keyword
pipe,sci_02,D,0.5,6,6,0.0,12740,14715,-0.15502354788069073,keyword
pipe,sci_03,D,0.5,6,6,0.0,7672,12363,-0.611444212721585,keyword
pipe,cs_01,D,0.5,6,6,0.0,6241,9595,-0.5374138759814132,keyword
pipe,cs_02,D,0.5,6,6,0.0,15362,12682,0.17445645098294493,keyword
pipe,cs_03,D,0.5,5,5,0.0,7422,6910,0.06898410132039881,keyword
pipe,hist_01,D,0.5,5,5,0.0,4019,4691,-0.16720577258024386,keyword
pipe,hist_02,D,0.5,5,5,0.0,9769,8093,0.1715631077899478,keyword
pipe,hist_03,D,0.5,7,6,0.14285714285714285,12235,7437,0.3921536575398447,keyword
pipe,phil_01,D,0.5,5,5,0.0,6526,8160,-0.25038308305240575,keyword
pipe,phil_02,D,0.5,5,5,0.0,9151,8985,0.01814009397880013,keyword
pipe,phil_03,D,0.5,6,6,0.0,7536,8196,-0.0875796178343949,keyword
pipe,law_01,D,0.5,5,5,0.0,7075,6138,0.13243816254416962,keyword
pipe,law_02,D,0.5,5,5,0.0,8015,8547,-0.06637554585152838,keyword
pipe,law_03,D,0.5,5,5,0.0,10190,13137,-0.2892051030421982,keyword
pipe,game_01,D,0.5,6,6,0.0,9878,10109,-0.02338530066815145,keyword
pipe,game_02,D,0.5,6,6,0.0,15774,18253,-0.15715734753391658,keyword
pipe,game_03,D,0.5,7,7,0.0,18320,20173,-0.10114628820960699,keyword
pipe,eng_01,D,0.5,6,6,0.0,10255,10644,-0.037932715748415405,keyword
pipe,eng_02,D,0.5,6,6,0.0,16128,15419,0.043960813492063495,keyword
pipe,eng_03,D,0.5,5,5,0.0,6955,7363,-0.05866283249460819,keyword
pipe,biz_01,D,0.5,7,7,0.0,24047,26151,-0.08749532166174574,keyword
pipe,biz_02,D,0.5,6,6,0.0,8295,12778,-0.540446051838457,keyword
pipe,biz_03,D,0.5,5,6,-0.2,15420,15377,0.002788586251621271,keyword
pipe,med_01,D,0.5,7,7,0.0,16314,13675,0.16176290302807406,keyword
