run_index,pattern,task_id,repeat,sdk_calls,total_duration,total_tokens_in,total_tokens_out,total_tokens,error
0,rr2,fact_01,0,2,36.8,883,1267,2150,False
1,rr2,fact_01,1,2,38.8,868,1220,2088,False
2,rr2,fact_01,2,2,38.4,850,1375,2225,False
3,rr2,fact_02,0,2,46.4,834,2113,2947,False
4,rr2,fact_02,1,2,40.099999999999994,862,1231,2093,False
5,rr2,fact_02,2,2,39.6,978,1119,2097,False
6,rr2,fact_03,0,2,44.5,1353,1811,3164,False
7,rr2,fact_03,1,2,51.5,1537,2613,4150,False
8,rr2,fact_03,2,2,47.5,1597,2068,3665,False
9,rr2,fact_04,0,2,38.8,1101,1541,2642,False
10,rr2,fact_04,1,2,42.7,1095,2167,3262,False
11,rr2,fact_04,2,2,44.4,1224,2257,3481,False
12,rr2,fact_05,0,2,47.7,1542,2477,4019,False
13,rr2,fact_05,1,2,46.2,2027,2472,4499,False
14,rr2,fact_05,2,2,45.1,1843,2181,4024,False
15,rr2,crea_01,0,2,58.2,1904,3359,5263,False
16,rr2,crea_01,1,2,64.0,2376,3798,6174,False
17,rr2,crea_01,2,2,62.2,1848,4012,5860,False
18,rr2,crea_02,0,2,42.099999999999994,882,1343,2225,False
19,rr2,crea_02,1,2,40.9,820,1177,1997,False
20,rr2,crea_02,2,2,42.2,786,1341,2127,False
21,rr2,crea_03,0,2,52.7,2087,2863,4950,False
22,rr2,crea_03,1,2,58.599999999999994,1696,3404,5100,False
23,rr2,crea_03,2,2,49.7,1661,2340,4001,False
24,rr2,crea_04,0,2,59.900000000000006,2189,3089,5278,False
25,rr2,crea_04,1,2,65.3,2054,3720,5774,False
26,rr2,crea_04,2,2,78.5,2513,4426,6939,False
27,rr2,crea_05,0,2,36.900000000000006,696,862,1558,False
28,rr2,crea_05,1,2,39.900000000000006,761,993,1754,False
29,rr2,crea_05,2,2,39.9,793,1246,2039,False
30,rr2,anal_01,0,2,56.0,1904,2885,4789,False
31,rr2,anal_01,1,2,43.0,1142,1627,2769,False
32,rr2,anal_01,2,2,44.6,1436,2111,3547,False
33,rr2,anal_02,0,2,49.3,1320,2005,3325,False
34,rr2,anal_02,1,2,49.8,1456,2648,4104,False
35,rr2,anal_02,2,2,59.3,1319,2904,4223,False
36,rr2,anal_03,0,2,51.7,1292,2410,3702,False
37,rr2,anal_03,1,2,50.0,1477,2358,3835,False
38,rr2,anal_03,2,2,49.0,1282,2249,3531,False
39,rr2,anal_04,0,2,65.3,1941,3978,5919,False
40,rr2,anal_04,1,2,73.6,2395,4735,7130,False
41,rr2,anal_04,2,2,61.2,2223,3837,6060,False
42,rr2,anal_05,0,2,47.5,1890,2142,4032,False
43,rr2,anal_05,1,2,49.2,1538,2884,4422,False
44,rr2,anal_05,2,2,37.5,1582,1968,3550,False
45,rr2,tech_01,0,1,63.7,67,10600,10667,True
46,rr2,tech_01,1,1,59.7,67,10067,10134,True
47,rr2,tech_01,2,1,55.6,67,8643,8710,True
48,rr2,tech_02,0,2,89.5,67,11417,11484,False
49,rr2,tech_02,1,2,79.1,67,9664,9731,False
50,rr2,tech_02,2,2,57.599999999999994,67,5342,5409,False
51,rr2,tech_03,0,2,57.8,3393,4734,8127,False
52,rr2,tech_03,1,2,59.2,3161,5405,8566,False
53,rr2,tech_03,2,2,54.8,3319,4968,8287,False
54,rr2,tech_04,0,2,59.2,3536,5429,8965,False
55,rr2,tech_04,1,2,64.7,4116,6284,10400,False
56,rr2,tech_04,2,2,57.2,4006,5015,9021,False
57,rr2,tech_05,0,2,78.0,74,9218,9292,False
58,rr2,tech_05,1,1,64.5,71,10354,10425,True
59,rr2,tech_05,2,1,55.2,71,8374,8445,True
60,rr3,fact_01,0,3,55.4,2962,2258,5220,False
61,rr3,fact_01,1,6,159.5,5085,9185,14270,False
62,rr3,fact_01,2,3,67.8,3124,2721,5845,False
63,rr3,fact_02,0,3,62.2,2901,2336,5237,False
64,rr3,fact_02,1,6,154.7,8811,7231,16042,False
65,rr3,fact_02,2,3,62.900000000000006,2193,1637,3830,False
66,rr3,fact_03,0,6,208.4,8259,15290,23549,False
67,rr3,fact_03,1,3,67.1,5771,3812,9583,False
68,rr3,fact_03,2,3,65.4,5002,3683,8685,False
69,rr3,fact_04,0,3,58.7,2951,2155,5106,False
70,rr3,fact_04,1,3,64.0,3510,2902,6412,False
71,rr3,fact_04,2,6,126.39999999999999,7821,4872,12693,False
72,rr3,fact_05,0,3,68.0,4486,3395,7881,False
73,rr3,fact_05,1,3,63.2,4117,3151,7268,False
74,rr3,fact_05,2,3,62.9,4210,3163,7373,False
75,rr3,crea_01,0,3,70.6,4818,3106,7924,False
76,rr3,crea_01,1,3,85.6,5917,4569,10486,False
77,rr3,crea_01,2,4,220.20000000000002,5728,19212,24940,True
78,rr3,crea_02,0,6,145.6,8265,6539,14804,False
79,rr3,crea_02,1,3,59.0,2231,1768,3999,False
80,rr3,crea_02,2,3,57.8,2187,1777,3964,False
81,rr3,crea_03,0,3,75.5,4936,3604,8540,False
82,rr3,crea_03,1,3,86.8,5830,4607,10437,False
83,rr3,crea_03,2,3,99.2,2011,6081,8092,False
84,rr3,crea_04,0,3,111.7,2369,6624,8993,False
85,rr3,crea_04,1,5,279.2,2412,22418,24830,True
86,rr3,crea_04,2,3,80.8,1853,5609,7462,False
87,rr3,crea_05,0,6,237.2,4624,16684,21308,False
88,rr3,crea_05,1,6,258.0,7210,18474,25684,False
89,rr3,crea_05,2,5,140.4,7782,7053,14835,True
90,rr3,anal_01,0,3,70.1,3826,2981,6807,False
91,rr3,anal_01,1,7,239.6,8339,15606,23945,True
92,rr3,anal_01,2,3,70.9,4419,3250,7669,False
93,rr3,anal_02,0,4,148.6,5413,9744,15157,True
94,rr3,anal_02,1,5,249.8,4427,21210,25637,True
95,rr3,anal_02,2,3,72.1,4618,3787,8405,False
96,rr3,anal_03,0,3,71.7,4144,2844,6988,False
97,rr3,anal_03,1,6,211.8,5409,14465,19874,False
98,rr3,anal_03,2,3,69.5,4353,3026,7379,False
99,rr3,anal_04,0,3,67.6,5942,4894,10836,False
100,rr3,anal_04,1,3,89.1,5841,4805,10646,False
101,rr3,anal_04,2,3,103.3,1744,6472,8216,False
102,rr3,anal_05,0,3,70.7,5013,4068,9081,False
103,rr3,anal_05,1,3,63.0,4476,4353,8829,False
104,rr3,anal_05,2,3,77.4,5250,4901,10151,False
105,rr3,tech_01,0,1,58.4,66,9729,9795,True
106,rr3,tech_01,1,1,66.3,66,10926,10992,True
107,rr3,tech_01,2,1,53.0,66,8083,8149,True
108,rr3,tech_02,0,3,115.6,69,13377,13446,False
109,rr3,tech_02,1,3,98.5,69,10507,10576,False
110,rr3,tech_02,2,2,97.3,66,12803,12869,True
111,rr3,tech_03,0,3,90.1,3146,8530,11676,False
112,rr3,tech_03,1,3,91.0,72,8937,9009,False
113,rr3,tech_03,2,3,120.80000000000001,72,11704,11776,False
114,rr3,tech_04,0,3,88.30000000000001,4152,7771,11923,False
115,rr3,tech_04,1,3,86.2,4000,7587,11587,False
116,rr3,tech_04,2,4,147.4,73,15195,15268,True
117,rr3,tech_05,0,1,56.6,70,8540,8610,True
118,rr3,tech_05,1,2,79.6,73,9918,9991,True
119,rr3,tech_05,2,2,78.6,73,8897,8970,True
120,rr4,fact_01,0,4,108.39999999999999,3039,6228,9267,False
121,rr4,fact_01,1,4,101.8,2556,5420,7976,False
122,rr4,fact_01,2,4,105.5,3004,5941,8945,False
123,rr4,fact_02,0,4,92.6,6455,4591,11046,False
124,rr4,fact_02,1,4,88.9,5707,4244,9951,False
125,rr4,fact_02,2,4,102.5,5954,5084,11038,False
126,rr4,fact_03,0,4,110.5,5352,8620,13972,False
127,rr4,fact_03,1,4,96.60000000000001,4021,6164,10185,False
128,rr4,fact_03,2,4,111.0,4546,8502,13048,False
129,rr4,fact_04,0,4,106.19999999999999,3576,6507,10083,False
130,rr4,fact_04,1,4,100.4,3689,5382,9071,False
131,rr4,fact_04,2,4,98.0,3272,5305,8577,False
132,rr4,fact_05,0,4,118.1,5156,8175,13331,False
133,rr4,fact_05,1,2,51.8,1588,3193,4781,False
